ID,Income,AppliedOnline,Residence,Yrs at Current Address,Yrs with Current Employer,Number of Cards,Creditcard Debt,Loans,Loan Amount,Name,Email,RFC,Birthday,Phone,Location,SalePrice,Location_property,MortgageDefault
100522,43982,YES,Owner Occupier,13,11,2,1055,0,9405,BLANCA LAURA CORREU INES,JYIyNlLpJG@company.com,COIB780407I211,7/4/1978,7776317282,"Cuernavaca, Mor.",500000,110,NO
101756,59944,YES,Owner Occupier,20,11,2,3894,0,9880,WILBER NAAL FIGAROLA,RBCqYinVFW@live.com,NAFW8305061E5,6/5/1983,3227826872,"Puerto Vallarta, Jal.",750000,110,NO
101354,57718,YES,Owner Occupier,25,16,2,1555,1,6285,CLAUDIA MONTSERRAT CINCO BERRA,EuJAciOEEu@hotmail.com,CIBC820802R22,2/8/1982,9611050514,"Tuxtla Gutiérrez, Chis.",155000,130,YES
100512,45621,YES,Owner Occupier,1,19,1,1878,0,9260,FIDEL ANGEL NEGRETE CHENA,ihmRlouQKD@gmt.com.mx,NECF730815799,15-08-1973,4446189038,"San Luis Potosí, S.L.P.",195000,100,YES
100537,45081,NO,Owner Occupier,14,15,2,713,1,8430,REFUGIO PAVIA BARCENA,cUBAMQQvnX@live.com,PABR690712AM8,12/7/1969,9218414135,"Coatzacoalcos, Ver.",140000,110,NO
100458,46645,NO,Owner Occupier,19,4,1,884,0,6045,KARLA NOHEMI OREGEL MANCISIDOR,UJQqTVwpUy@company.com,ORMK680301T5A,1/3/1968,7227805653,"Toluca, Méx.",475000,110,NO
101430,45066,YES,Private Renting,16,15,1,860,1,6605,IRVING MANUEL CARVAJAL CONSUELO,MLbLfHjBSr@gmt.com.mx,CACI6909195B1,19-09-1969,8191168971,"Monterrey, N.L.",255000,100,YES
101432,44202,NO,Owner Occupier,1,23,2,2611,0,12915,ANGEL HUMBERTO LEYTE BRUSSOLO,wQlnlOvuNq@live.com,LEBA6207078S7,7/7/1962,6626257810,"Hermosillo, Son.",162000,101,NO
100601,55215,YES,Private Renting,1,6,2,1930,0,9820,JOSE FREDY LEZAMA PONTIFES,GAzomyfqwA@gmt.com.mx,LEPJ940722ECA,22-07-1994,9981974045,"Cancún, Q.Roo",905000,110,NO
101549,44460,YES,Owner Occupier,4,16,1,3467,1,9290,JUANA YOLANDA REVUELTA MENDIOLA,VXgIrJQRDT@company.com,REMJ841125HP7,25-11-1984,7228886992,"Toluca, Méx.",192000,100,YES
101524,57004,YES,Private Renting,14,31,1,3561,0,6720,ARIEL DE JESUS ZARAGOZA BAQUEIRO,voOnIUJaGr@gmail.com,ZABA750202GT5,2/2/1975,3523010457,"La Piedad, Mich.",121000,100,NO
100548,44272,YES,Owner Occupier,12,20,1,645,1,10095,GRACIELA DE JESUS DE LA CUESTA AARON,faouxAgKjq@company.com,DEAG8710016G7,1/10/1987,4744546539,"Lagos de Moreno, Jal.",170000,100,YES
101472,45659,YES,Public Housing,12,17,1,9466,1,17050,SARA EDITH WENCES ORUETA,WaGRxOfjpo@company.com,WEOS591108QA5,8/11/1959,4421477038,"Querétaro, Qro.",340000,100,NO
100536,45450,YES,Owner Occupier,15,24,1,4217,0,8040,ROSA ANGEL DELGADO JIMENES,SlsTpMNche@gmt.com.mx,DEJR680822IU7,22-08-1968,8677206570,"Nuevo Laredo, Tamps.",270000,100,YES
100599,52495,NO,Owner Occupier,18,16,2,2527,1,10375,GUSTAVO PLUMA CONSUELO,XbHpwHVxuN@company.com,PLCG640908KR7,8/9/1964,4733736622,"Guanajuato, Gto.",195000,100,YES
100627,44671,YES,Private Renting,16,9,2,3971,1,12050,TANIA BARANDA LAUREL,CDrDRgrtXy@hotmail.com,BALT740222BA7,22-02-1974,3228321916,"Puerto Vallarta, Jal.",270000,130,YES
101754,50816,YES,Owner Occupier,0,17,2,2031,1,8075,MAYRA EUGENIA LOS PARIENTE,TSRfwxlCJe@hotmail.com,LOPM010325C65,25-03-2001,7538382674,"Ciudad Lázaro Cárdenas, Mich.",300000,130,YES
101749,43876,YES,Private Renting,13,0,2,98,1,5330,JEAN PAUL JARALEÑO TECUANHUEY,XKBXzopoQc@gmail.com,JATJ650731TU5,31-07-1965,9221885639,"Chinameca, Ver.",252500,100,NO
100620,44705,YES,Owner Occupier,0,8,1,230,0,5720,EDNA CAROLINA ZUVIRIE ZACARIAZ,JPqqgECYsw@hotmail.com,ZUZE750605LF11,5/6/1975,7534152350,"Ciudad Lázaro Cárdenas, Mich.",275000,111,NO
100569,46168,YES,Private Renting,0,6,1,3762,1,12520,Wolfgang Amadeus Mozart,DuisMwpp3o@gmail.com,AMMW561026SNA,24-08-1971,5957960399,"Texcoco, Méx.",385000,120,YES
100782,43608,NO,Owner Occupier,2,20,1,452,0,7610,PEDRO CARLOS VUELVAS MOYANO,wZArtgRZfI@hotmail.com,VUMP561004NI7,4/10/1956,7758203953,"Singuilucan, Hgo.",410000,100,YES
100756,59944,YES,Owner Occupier,20,11,2,3894,0,9880,Wolfgang Amadeus Mozart,DuisMwpp3o@gmail.com,AMMW561026SNA,20-01-1986,8993701681,"Reynosa,Tamps.",750000,110,NO
101452,57689,NO,Owner Occupier,25,19,1,331,1,9915,LISBET ALILIO ISAS,WWUUzhnWTF@hotmail.com,ALIL861203NM2,3/12/1986,7285082977,"Lerma, México",315000,100,YES
100494,55421,NO,Owner Occupier,11,3,2,1169,0,10715,ALEJANDRO ALBERTO BUTANDA VICHIQUE,cBGKJXHQbd@company.com,BUVA8801056U1,5/1/1988,4443505165,"San Luis Potosí, S.L.P.",245000,130,YES
100563,55112,YES,Living with parents/guardian,10,14,2,4113,1,14510,OSCAR MANUEL MOGICA CHAVERRI,iOBvMKgJtw@live.com,XXXX8904284C5,28-04-1989,7285507692,"Lerma, México",265000,100,YES
100677,44728,YES,Private Renting,2,7,2,847,0,11580,SARA BEATRIZ ENZASTIGA REGALADO,kQgxhwfSmS@company.com,ENRS000323QM11,23-03-2000,4449568404,"San Luis Potosí, S.L.P.",237500,110,NO
100697,51561,NO,Public Housing,17,5,2,3010,0,16630,PROCOPIO MAZARI SUBDIAZ,CiMaaRRSsQ@company.com,MASP810712ES1,12/7/1981,4927894424,"Zacatecas, Zac.",359850,100,NO
100423,49007,NO,Living with parents/guardian,14,18,1,13360,0,24375,JOSE DEL ROSARIO SANTIZ UROZA,saTrXklLXI@company.com,SAUJ720610FI3,10/6/1972,8714308591,"Torreón, Coah.",200000,100,NO
101722,45390,YES,Owner Occupier,3,2,2,154,0,11710,NADIA SELENE ALMORA COSMES,OCnXJptNhw@live.com,ALCN870422BK3,22-04-1987,8131959628,"Monterrey, N.L.",242500,110,NO
100439,43890,YES,Owner Occupier,19,18,2,505,1,6960,ALEJANDRO IVAN PORTUGAL DEL CARMEN,ijSEuaWZsS@company.com,PODA8805299U6,29-05-1988,8671929553,"Nuevo Laredo, Tamps.",348500,100,NO
101363,44193,YES,Public Housing,18,3,1,260,0,6605,VERONICA CECILIA MARTO CARDEL,CPQqSwleir@gmt.com.mx,MACV951215FG11,15-12-1995,8714405076,"Torreón, Coah.",284500,120,NO
100325,52540,YES,Sheltered,0,15,2,397,0,8250,ARTURO DAVID BANTE ORDUÑA,EPAzBDITRq@gmt.com.mx,BAOA6409283I4,28-09-1964,6185107510,"Durango, Dgo.",215000,120,YES
100532,48931,YES,Owner Occupier,11,19,2,652,0,7795,CARLOS LUIS CLAUDIO PASARAN,lZhJvnwrVa@gmt.com.mx,CLPC870803TP11,3/8/1987,7732449025,"Tepeji del Rio, Hgo.",190000,100,NO
100695,58878,NO,Owner Occupier,18,9,1,1680,0,6165,SAIRA CASIANO YEPEZ,GuKFDKdGdR@company.com,CAYS941006552,6/10/1994,7346722869,"Zacatepec, Mor.",260000,100,YES
100589,43362,YES,Owner Occupier,15,4,2,434,1,4320,DAMIANO AYAR Y ROJAS,sHEIVzOYtD@gmail.com,AYYD690105RN6,5/1/1969,7834789736,"Tuxpan, Ver.",650000,391,YES
101764,44787,YES,Owner Occupier,9,4,2,982,0,8175,HECTOR CARLOS BLANDO BAQUERA,gYzgPkcTCF@gmail.com,BLBH5409167Y9,16-09-1954,2227028416,"Puebla, Pue.",295000,100,NO
100704,43651,YES,Private Renting,4,11,2,527,1,6090,ROSARIO INSUNZA NOVERON,KzUPJRayvu@gmt.com.mx,INNR710321B17,21-03-1971,9834536297,"Chetumal, Q.Roo",265000,100,NO
100741,45001,YES,Public Housing,11,17,1,2134,1,9285,MARILYN DIRZO VINALAY,mIyViXosfS@company.com,DIVM010801I66,1/8/2001,4278626622,"Polotitlán, Méx.",370000,110,YES
100472,45659,YES,Public Housing,12,17,1,9466,1,17050,Wolfgang Amadeus Mozart,DuisMwpp3o@gmail.com,AMMW561026SNA,22-03-1958,6449361978,"Ciudad Obregón, Son.",340000,100,NO
100590,59393,NO,Owner Occupier,34,18,2,2746,0,6845,JUAN RIGOBERTO ALMANZA DE LA PALMA,QDshRKbjnP@live.com,ALDJ990430GJ8,30-04-1999,2417233353,"Apizaco, Tlax.",400000,100,YES
100516,45849,NO,Living with parents/guardian,13,9,2,364,1,12210,MONICA JUDITH SANGUINO LACROIX,WgETMsssla@live.com,SALM6107037211,3/7/1961,6244687552,"San Jose del Cabo, B.C.S.",195000,100,YES
100368,43474,YES,Living with parents/guardian,17,1,1,270,1,5315,NANCY DEL ROSARIO ENSALDO LORENZO,ebCbSMjuCt@company.com,ENLN920702RA7,2/7/1992,9223887197,"Chinameca, Ver.",125000,100,NO
100465,44048,NO,Owner Occupier,0,6,1,222,0,10155,Wolfgang Amadeus Mozart,DuisMwpp3o@gmail.com,AMMW561026SNA,7/12/1973,7229894326,"Toluca, Méx.",299000,101,NO
101635,44039,YES,Owner Occupier,17,6,2,109,1,6590,JAVIER RAFAEL LLERENA FARRERA,HdRRPxhFje@company.com,LEFJ620516BD6,16-05-1962,9839908840,"Chetumal, Q.Roo",235000,120,YES
100625,45993,NO,Public Housing,6,7,2,311,0,8670,JAVIER OCTAVIO URESTI NARANJO,iclbWkBkyh@company.com,URNJ921027HT6,27-10-1992,9835701517,"Chetumal, Q.Roo",199000,100,NO
100635,44039,YES,Owner Occupier,17,6,2,109,1,6590,MANUEL BERNARDO ESASTIGA MAQUEDA,OhIbTUmtjX@gmt.com.mx,ESMM611216HSA,16-12-1961,6561200931,"Ciudad Juárez, Chih.",235000,120,YES
100411,47833,YES,Owner Occupier,9,6,1,854,0,12920,Wolfgang Amadeus Mozart,DuisMwpp3o@gmail.com,AMMW561026SNA,10/11/1961,7557947570,"Zihuatanejo, Gro.",200000,130,NO
100530,43303,YES,Owner Occupier,2,7,2,866,1,10220,HILDA PUCHETA TEXIS,qzHixWeQKh@company.com,PUTH9603028T3,2/3/1996,9714126982,"Ixtepec, Oax.",75000,100,NO
101700,55140,NO,Owner Occupier,20,13,2,5095,0,8540,LIGIA DEL CARMEN PALENCIA AC,UEDevDWeIQ@gmt.com.mx,PAAL771231AL5,31-12-1977,4815050303,"Ciudad Valles, S.L.P.",545000,100,NO
100350,52973,NO,Public Housing,13,3,1,2535,0,9365,LILIANA DEL ROSARIO YAHUITL SOUZA,qWxJWLBqFo@live.com,YASL9405251FA,25-05-1994,9994892710,"Mérida, Yuc.",420000,111,YES
100721,43669,YES,Living with parents/guardian,18,10,1,2518,0,12500,ANGELA GUADALUPE LUCAS YONCA,agENRUkCqh@gmail.com,LUYA660620JL9,20-06-1966,6225967778,"Guaymas, Son.",325000,100,YES
100676,44597,YES,Owner Occupier,10,12,2,468,0,8630,Wolfgang Amadeus Mozart,DuisMwpp3o@gmail.com,AMMW561026SNA,3/9/1952,7348643306,"Zacatepec, Mor.",135000,100,NO
100793,50552,YES,Owner Occupier,5,23,1,466,0,6880,EDUARDO ALFONSO LONGINO TETATZIN,ThICaxdxyJ@live.com,LOTE700111H99,11/1/1970,8666754509,"Monclova, Coah.",380000,110,YES
100283,43800,YES,Owner Occupier,0,4,2,725,0,7340,NIDIA ZAMACONA ARGUMEDO,CQOpCexKbF@gmail.com,ZAAN741129GN1,29-11-1974,9623526819,"Tapachula, Chis.",259000,100,NO
101694,53307,YES,Owner Occupier,8,27,2,1984,1,9475,NEREYDA GUADALUPE MARAVILLA JIMENO,UHiGWceIyQ@hotmail.com,MAJN680812AL4,12/8/1968,6683633167,"Los Mochis, Sin.",130000,100,NO
100594,49529,YES,Owner Occupier,9,10,1,342,0,7995,CARLOS ELIAS OVALLES WALLES,QuTiRpjUsN@gmt.com.mx,OVWC900501MU6,1/5/1990,9215353366,"Coatzacoalcos, Ver.",345000,110,YES
100337,45209,YES,Owner Occupier,4,9,2,658,0,11420,Wolfgang Amadeus Mozart,DuisMwpp3o@gmail.com,AMMW561026SNA,22-03-1964,3333790882,"Guadalajara, Jal.",185000,101,YES
100288,44956,NO,Owner Occupier,21,21,2,806,1,8150,HERACLEO JUARICO BARREIRO,pgjQpvpEus@hotmail.com,JUBH570710DJ9,10/7/1957,2441946682,"Atlixco, Pue.",170000,100,YES
100284,45049,YES,Public Housing,6,16,2,1345,1,9085,LUDIVINA MORAS CHAGOYAN,GQMsKLBwVn@gmt.com.mx,MOCL940109QQ3,9/1/1994,8442389054,"Saltillo, Coah.",280000,110,NO
101477,43761,NO,Owner Occupier,10,6,1,1418,0,11245,PABLO ENRIQUE MEDECIGO JARDON,YaMGkfpSkZ@live.com,MEJP580823LE6,23-08-1958,7344873748,"Zacatepec, Mor.",192500,100,NO
101360,44052,YES,Owner Occupier,13,5,2,375,0,9305,JESUS DEL CARMEN AGGI TEUTLI,JoKEtkwLQs@live.com,AGTJ910125M36,25-01-1991,2226198538,"Puebla, Pue.",235000,100,YES
100598,43514,YES,Private Renting,17,0,2,274,0,3425,LAURA MARIELA CHAVELAS NAVAS,INzvofaGzc@company.com,CANL8806154R8,15-06-1988,3123572458,"Colima, Col.",250000,130,YES
100421,56486,YES,Owner Occupier,5,11,1,696,1,4240,JESUS NOEL GRAGEOLA VALDIVIA,FIAjRXGbVB@live.com,GRVJ691217877,17-12-1969,6254424783,"Ciudad Cuauhtémoc, Chih.",110000,100,NO
100491,46785,YES,Private Renting,14,4,1,1227,1,6510,GENARO FEDERICO CAMARERO,pptUOkHNuC@gmt.com.mx,FECG8305271R2,27-05-1983,4622941075,"Irapuato, Gto.",300000,100,NO
101382,49008,YES,Private Renting,10,16,2,216,0,10910,BERTHA MARIA PLATEROS MURAIRA,rNlFxjHgmE@gmt.com.mx,PLMB5303084M5,8/3/1953,6184192429,"Durango, Dgo.",145000,130,NO
100596,47019,NO,Private Renting,11,21,1,1138,1,8645,MARIA EU CEBALLOS BOA,fKkJmfbngJ@hotmail.com,CEBM690210DE5,10/2/1969,4453350001,"Moroleón, Gto.",345000,110,NO
100377,51945,NO,Public Housing,19,0,1,25,1,7480,HERNAN NAVEZ HEBREO,pbNWUXtlsI@company.com,NAHH940121AU11,21-01-1994,3227521311,"Puerto Vallarta, Jal.",290000,110,YES
100615,44298,NO,Owner Occupier,16,19,2,763,0,8410,MARIO OMAR MARTIR CUATETA,MXmcHUMRfW@company.com,MACM7406053M6,5/6/1974,6449964285,"Ciudad Obregón, Son.",170000,120,YES
100382,49008,YES,Private Renting,10,16,2,216,0,10910,PEREZ TERRAZAS FANG,KKnFQrZBHa@live.com,TEFP920904IC4,4/9/1992,3147233094,"Manzanillo, Col.",145000,130,NO
100633,43120,YES,Public Housing,4,10,1,801,1,6220,Wolfgang Amadeus Mozart,DuisMwpp3o@gmail.com,AMMW561026SNA,6/10/1985,5948745636,"San Marcos Nepantla, Méx.",215000,100,YES
100416,59463,NO,Owner Occupier,2,9,2,1298,1,4765,BLANCA EVELIA ANTUNES TIVO,uMjXdLYoLg@gmail.com,ANTB680426LW4,26-04-1968,4459796894,"Moroleón, Gto.",222000,100,NO
100642,43739,NO,Owner Occupier,3,7,1,2247,1,10275,MARIA GEORGINA PAMANES LABARIEGA,VpxfCenVQm@live.com,PALM900807JG11,7/8/1990,4624539760,"Irapuato, Gto.",285000,100,YES
100394,44997,NO,Public Housing,6,18,1,1238,1,8070,SEBERINO MARIÑELARENA CERDA,JWedscbQGE@company.com,MACS720706AX7,6/7/1972,3222981552,"Puerto Vallarta, Jal.",176000,100,NO
100535,49988,YES,Private Renting,14,21,2,2660,0,9645,JUAN ANTONIO ATAYDE TETLACUILO,GnypHufCeV@gmail.com,ATTJ5812048J5,4/12/1958,7473920592,"Chilpancingo, Gro.",210000,100,NO
100562,45103,NO,Owner Occupier,21,14,1,2327,1,5575,ALMA ARACELI MORANCHEL MANILLA,jGorPJFxwo@hotmail.com,MOMA690131NL9,31-01-1969,8711959983,"Torreón, Coah.",185000,100,YES
101450,54673,YES,Owner Occupier,15,22,2,3086,1,11875,HECTOR IVAN UBARIO PALOS,WIByZmxMDX@live.com,UBPH860504122,4/5/1986,6629722368,"Hermosillo, Son.",180000,100,NO
100785,43823,NO,Living with parents/guardian,14,1,2,2245,1,9795,YAMILETH ISAGUIRRE ARRUEL,aMIKkLXtFg@hotmail.com,ISAY990220942,20-02-1999,9934595348,"Villahermosa, Tab.",175000,130,NO
100567,57683,YES,Owner Occupier,14,24,1,3275,1,10185,OSCAR GUSTAVO DON PILOTZI,mnWCBhEqGL@gmt.com.mx,DOPO550428IU4,28-04-1955,6279502911,"Parral, Chih.",281915,100,YES
101531,45159,NO,Owner Occupier,6,12,1,2310,0,12065,JESUS EMILIO LAZALDE LESSO,FmgjYgZgEg@company.com,LALJ640417K81,17-04-1964,6124982542,"La Paz, B.C.S.",190000,100,NO
100273,45706,YES,Owner Occupier,17,16,2,373,1,7275,Wolfgang Amadeus Mozart,DuisMwpp3o@gmail.com,AMMW561026SNA,13-01-1957,9615845819,"Tuxtla Gutiérrez, Chis.",145000,100,YES
100454,43799,YES,Private Renting,11,4,1,145,0,8810,JORGE HORACIO LAYNES BASTIDAS,vGNidvvblR@live.com,LABJ930916DB4,16-09-1993,8344282510,"Ciudad Victoria, Tamps.",220000,100,NO
101405,43482,YES,Owner Occupier,4,1,1,361,1,8375,MAYRA ZULEMA LIMA FUENTE,folURJIOHe@gmt.com.mx,LIFM6604182D9,18-04-1966,7289130398,"Lerma, México",499250,100,NO
100492,53365,YES,Owner Occupier,21,26,1,3819,0,10250,JORGE RAYMUNDO SENDEJAS ACEITUNO,HvKqGCAimr@gmt.com.mx,SEAJ8809303D4,30-09-1988,8669799912,"Monclova, Coah.",230000,100,YES
100415,53791,YES,Owner Occupier,1,15,1,1844,1,11855,LORENA ELIZABETH VIQUEZ CAAMAÑO,FuGZXlvONg@gmt.com.mx,VICL010317CJ4,17-03-2001,9218758130,"Coatzacoalcos, Ver.",173900,100,YES
100511,43835,YES,Owner Occupier,3,1,2,1501,1,12220,EMILIA MARGARITA VITINIO LULE,xJLAIKENbe@gmt.com.mx,VILE9504275V11,27-04-1995,6396640891,"Ciudad Delicias, Chih.",144000,100,NO
100280,44202,YES,Owner Occupier,8,0,2,748,0,10455,GRISELDA PATRICIA GIRON QUIRALTE,GiHkXlpRcA@hotmail.com,GIQG850627523,27-06-1985,8668819856,"Monclova, Coah.",170000,100,NO
101394,44997,NO,Public Housing,6,18,1,1238,1,8070,GABRIEL ALONSO BATUN PINAL,VFsHVUSVUx@gmt.com.mx,BAPG831002KY7,2/10/1983,4424113240,"Querétaro, Qro.",176000,100,NO
101385,52896,YES,Owner Occupier,19,6,2,1655,1,8975,JOSE TOMAS TEPAL MALFITANO,eXLETUYqOk@live.com,TEMJ611014BY5,14-10-1961,6257893270,"Ciudad Cuauhtémoc, Chih.",260000,110,YES
100485,45673,YES,Owner Occupier,22,16,1,359,0,6670,CRISTIAN DE JESUS LEZA VIZCAYA,gIBWDShfIa@gmail.com,LEVC530805TD11,5/8/1953,9215899441,"Coatzacoalcos, Ver.",185000,100,NO
100505,45153,NO,Owner Occupier,2,13,2,804,1,8900,YENI ELIZABETH ARIZOCA MARANTO,ayOjHSnYYb@gmt.com.mx,ARMY781208FUA,8/12/1978,7349008118,"Zacatepec, Mor.",146000,130,YES
100385,52896,YES,Owner Occupier,19,6,2,1655,1,8975,Wolfgang Amadeus Mozart,DuisMwpp3o@gmail.com,AMMW561026SNA,23-09-1971,3512081834,"Zamora, Mich.",260000,110,YES
101798,47111,YES,Private Renting,1,14,2,1001,1,10510,LOURDES EUGENIA POLVADERA MIAN,GgxZldCudZ@hotmail.com,POML681130SW8,30-11-1968,4619749553,"Celaya, Gto.",425000,110,YES
100279,44756,YES,Owner Occupier,19,6,1,2117,1,10760,MIRIAM FABIOLA ATRISTAIN MENES,qeZVOLXXiM@hotmail.com,ATMM571125P62,25-11-1957,4628928407,"Irapuato, Gto.",145000,110,NO
100578,45750,YES,Public Housing,13,13,1,1930,1,11355,ANGEL ALBERTO OLAN FANG,hmtmcRcmNX@live.com,OLFA800424SI2,24-04-1980,6629720384,"Hermosillo, Son.",209000,101,NO
101797,51385,YES,Owner Occupier,14,10,1,777,0,7430,MA EMMA BURGOIN MARRUJO,bwTPyLCRyW@company.com,BUMM780709RJ5,9/7/1978,7756500218,"Singuilucan, Hgo.",260000,101,NO
100384,53195,NO,Owner Occupier,8,31,2,7757,1,13645,BAUTISTA VILLALOVOS XOCHICALE,TkpHmrmYiE@company.com,VIXB880511LR9,11/5/1988,6446186233,"Ciudad Obregón, Son.",600000,100,NO
100795,53842,YES,Owner Occupier,25,13,2,3115,0,6150,NESTOR JOSE MARMOL MAZO,wvpLcHQcxg@live.com,MAMN781001QM3,1/10/1978,4159090383,"San Miguel de Allende, Gto.",625000,100,NO
101784,44261,NO,Owner Occupier,9,22,1,823,1,8010,JUAN MARTIN TOXTLE FLANDES,sWUxXxnIQu@gmail.com,TOFJ840412V21,12/4/1984,4618071054,"Celaya, Gto.",323600,100,YES
100527,48061,YES,Private Renting,3,5,2,296,0,9680,JOSE GUAD LIZARDE MONA,UgPFoBdiwI@live.com,LIMJ880729BF2,29-07-1988,4743510888,"Lagos de Moreno, Jal.",190500,100,YES
100571,50076,YES,Private Renting,0,17,1,460,1,9385,ALDRIN LONG VALDERRAMA,OgEGrgxfwZ@live.com,LOVA701129E511,29-11-1970,2719873455,"Córdoba, Ver.",675000,130,NO
100605,49415,YES,Owner Occupier,17,11,1,150,0,6485,EGNA XICUM VIEZCAS,wZhNyyIVdZ@company.com,XIVE870119V41,19-01-1987,2485410859,"San Martín Texmelucan, Pue.",180000,101,YES
100533,44363,YES,Owner Occupier,5,19,1,1609,1,7325,DULCE ESPERANZA TOSCANO OLAZARAN,jgNskAGelM@gmail.com,TOOD590328357,28-03-1959,5563266618,"Ciudad de México, D.F.",250000,110,YES
100293,48336,NO,Owner Occupier,16,2,2,1227,0,3705,MA DEL R NISIMURA TAVAREZ,HqxDWczjkC@gmt.com.mx,NITM6306091U7,9/6/1963,7752214669,"Singuilucan, Hgo.",575000,120,YES
101746,45194,NO,Owner Occupier,15,10,2,1678,1,12915,JORGE EDMUNDO COCULA NITO,WYnsCYdhEh@live.com,CONJ690706RK6,6/7/1969,7356747188,"Cuautla, Mor.",273000,120,NO
100641,44534,NO,Owner Occupier,9,13,2,805,0,8775,LUZ AIDA ARVIZU KIM,zOBRvmNKyw@gmt.com.mx,ARKL000324M65,24-03-2000,8996363977,"Reynosa,Tamps.",200000,130,YES
100306,43650,YES,Public Housing,8,12,1,267,0,7800,OSCAR XAVIER PAZ MOTOLINIA,WyAwrsbsRD@gmt.com.mx,PAMO010623KD9,23-06-2001,7551975967,"Zihuatanejo, Gro.",355000,100,NO
101448,53201,NO,Owner Occupier,18,29,1,17134,0,16275,CESAR JOEL LOYA ALQUISIRAS,DzzuFcEnaT@hotmail.com,LOAC9004218G1,21-04-1990,8685661639,"Matamoros, Tamps.",197307,100,NO
100390,53559,YES,Owner Occupier,7,19,2,2646,0,10105,JOSE DE LOS ANGELES COPTO ILIZALITURRI,vfkcqskYRw@company.com,COIJ950420L3A,20-04-1995,5948056927,"San Marcos Nepantla, Méx.",537500,100,NO
100623,48599,YES,Owner Occupier,16,25,1,1363,1,9385,CESAR OSWALDO LACUNZA ARCIQUE,ztCJVieEOm@company.com,LAAC650812JP4,12/8/1965,9387794819,"Ciudad del Carmen, Camp.",447000,100,YES
100698,58785,NO,Private Renting,31,16,2,1111,0,7415,JESUS MANU BADILLO RECIO,cqCrwyAwFp@live.com,BARJ790312AT6,12/3/1979,2721649519,"Orizaba, Ver.",275000,130,NO
100718,45240,NO,Private Renting,12,5,2,1320,1,5840,MARIA NORMA ZMERY ALQUISIRA,ttxOdnSbwV@live.com,ZMAM620704L44,4/7/1962,7711402821,"Pachuca, Hgo.",368000,101,NO
101696,43977,YES,Public Housing,14,12,1,4763,1,11145,IVAN JOSUE MILIAN PESCINA,lMMnSCnZdy@company.com,MIPI750912QE7,12/9/1975,7539237469,"Ciudad Lázaro Cárdenas, Mich.",330000,120,NO
100568,55752,YES,Owner Occupier,5,11,2,2048,1,6685,ROSA ISELA CARDELAS TORREZ,nJRQFsvpxj@company.com,CATR610203FN4,3/2/1961,7537014571,"Ciudad Lázaro Cárdenas, Mich.",565000,100,YES
101704,43651,YES,Private Renting,4,11,2,527,1,6090,MARTHA SOFIA DE LA HUERTA CIENFUEGOS,lQgzzWuLyC@gmt.com.mx,DECM660407G43,7/4/1966,7344480196,"Zacatepec, Mor.",265000,100,NO
100703,45368,NO,Owner Occupier,4,2,2,711,1,10340,ADRIAN ANTONIO RIOJA HEREDIA,ABHOPLDabI@live.com,RIHA760719KU5,19-07-1976,3521886176,"La Piedad, Mich.",325000,100,NO
100323,46955,NO,Owner Occupier,16,1,2,201,1,3380,MARIA GUADALU ESQUER SABANILLA,MTmAbrwrCr@hotmail.com,ESSM5212236A1,23-12-1952,2441169592,"Atlixco, Pue.",210000,120,YES
100668,59692,NO,Owner Occupier,11,3,1,469,0,10100,BRENDA BERENICE ISABELES HOY,WLIShIDZCs@gmail.com,ISHB001116BM3,16-11-2000,2384624374,"Tehuacán, Pue.",190000,100,NO
100381,53115,YES,Owner Occupier,12,1,2,674,0,10455,LIBERATO COLOME PITAYO,WwfCEFkFlu@gmt.com.mx,COPL940620QN5,20-06-1994,8714967028,"Torreón, Coah.",309534,110,YES
100603,52173,YES,Public Housing,4,22,2,689,0,9720,MARIA ISOLDA APAEZ AHUELICAN,eRTDiNvqjK@company.com,APAM7301264E7,26-01-1973,4155462628,"San Miguel de Allende, Gto.",140000,100,YES
100345,53552,YES,Owner Occupier,19,22,2,1255,1,4430,GABRIEL ALEJANDRO FRANCIA SOLDEVILLA,bgkbNVMzoN@live.com,FRSG5301047J6,4/1/1953,4155947479,"San Miguel de Allende, Gto.",159900,100,YES
100496,44449,YES,Private Renting,9,16,1,4168,0,8450,HUGO ULISES ABONCE BALANDRANO,wNreOhSODR@live.com,ABBH6904125D2,12/4/1969,7342188342,"Zacatepec, Mor.",258000,100,YES
101757,54451,YES,Private Renting,14,30,1,3312,1,9440,LEOVA GAMEROS DYCK,MjQsGcZpTF@live.com,GADL640916UT9,16-09-1964,4455396746,"Moroleón, Gto.",150000,100,NO
101419,51219,YES,Private Renting,14,15,2,1292,1,7005,CRISTOBAL APALE SUCHILT,rcCThWXMHk@live.com,APSC630126A56,26-01-1963,7531409918,"Ciudad Lázaro Cárdenas, Mich.",165000,111,YES
100565,46823,YES,Private Renting,22,2,1,94,1,6575,GRISELDA MARIBEL DE AQUINO OREA,stknKzlYnZ@company.com,DEOG870106V83,6/1/1987,8346335753,"Ciudad Victoria, Tamps.",281915,100,NO
100597,53731,NO,Public Housing,26,16,2,13160,1,17985,ADRIANA MINERVA NOLAZCO AQUIAHUATL,RIDWTWtCuq@gmt.com.mx,NOAA641023PX8,23-10-1964,2224523619,"Puebla, Pue.",365000,110,NO
100640,43293,NO,Private Renting,16,7,1,2207,1,8450,LETICIA MARIA ARA AQUI,IJcvgAFfXJ@hotmail.com,ARAL8001234U8,23-01-1980,9225159186,"Chinameca, Ver.",260000,100,YES
100468,45970,NO,Owner Occupier,11,7,1,579,0,9280,JUAN AMADO QUESADA YAH,DuGaOEAhTS@gmt.com.mx,QUYJ880727HC6,27-07-1988,8998917300,"Reynosa,Tamps.",132000,100,NO
101707,46119,YES,Private Renting,1,6,1,104,0,11470,BERTIN CETINA ARRILLAGA,StegnASlVW@gmt.com.mx,CEAB810927VB2,27-09-1981,4774108083,"León, Gto.",145000,100,YES
100629,54671,YES,Owner Occupier,25,28,2,3612,0,8610,J ANTONIO URISTA LOE,fRgiWhXFgf@live.com,URLJ000222769,22-02-2000,3318994386,"Guadalajara, Jal.",250000,120,YES
101497,55777,YES,Private Renting,1,11,2,453,0,6215,NOE ISRAEL REVILLA PENUELAS,eyBLgxZmpO@live.com,REPN550304DB4,4/3/1955,4273724227,"Polotitlán, Méx.",285000,100,YES
100657,59276,YES,Public Housing,20,21,2,8000,1,8265,FRANCISCO GERMAN CARTUJANO BERRA,XwXQJmQCBQ@gmail.com,CABF540715A48,15-07-1954,4939275503,"Fresnillo, Zac.",285000,100,NO
100490,50799,YES,Owner Occupier,22,19,2,1919,0,6020,Wolfgang Amadeus Mozart,DuisMwpp3o@gmail.com,AMMW561026SNA,9/2/1996,7532999892,"Ciudad Lázaro Cárdenas, Mich.",185000,111,YES
100797,51385,YES,Owner Occupier,14,10,1,777,0,7430,NORMA ELIZAB ZEQUERA MONA,VOQSMpirpF@gmail.com,ZEMN970507PG6,7/5/1997,2441605273,"Atlixco, Pue.",260000,101,NO
100486,54938,NO,Owner Occupier,5,15,2,268,0,8225,VICTOR GERARDO ADUNA Y LAGUNES,qwzOPyraPN@gmt.com.mx,ADYV570710QF4,10/7/1957,2283357822,"Jalapa, Ver.",235000,130,NO
100272,43593,YES,Owner Occupier,13,0,1,2315,0,12820,CUSTODIO RUEZGA LAURRABAQUIO,nsatVxJsTd@gmail.com,RULC620309HE8,9/3/1962,7355696022,"Cuautla, Mor.",180000,130,NO
101763,45452,YES,Owner Occupier,12,24,1,5490,1,10040,Wolfgang Amadeus Mozart,DuisMwpp3o@gmail.com,AMMW561026SNA,27-09-1982,7735816066,"Tepeji del Rio, Hgo.",328000,100,NO
100488,54021,YES,Owner Occupier,2,4,1,101,1,12230,Wolfgang Amadeus Mozart,DuisMwpp3o@gmail.com,AMMW561026SNA,2/4/1966,6222169845,"Guaymas, Son.",355000,100,YES
100602,44892,YES,Private Renting,12,2,2,3337,0,11195,Wolfgang Amadeus Mozart,DuisMwpp3o@gmail.com,AMMW561026SNA,29-10-1975,8177119809,"Monterrey, N.L.",175000,110,NO
100432,44202,NO,Owner Occupier,1,23,2,2611,0,12915,WALKIRIA LUCENA ISUNZA,qlnqDykITu@gmt.com.mx,LUIW800304QA6,4/3/1980,6252908531,"Ciudad Cuauhtémoc, Chih.",162000,101,NO
101624,43677,YES,Sheltered,16,9,1,740,0,10915,IVONNE EDITH EPITACIO MEZQUITA,zaTTSAhEJO@gmail.com,EPMI751022796,22-10-1975,4923623764,"Zacatecas, Zac.",190000,100,NO
100386,54603,NO,Owner Occupier,8,30,2,1562,1,7760,CIRINO COYOTE PIÑEIRO,awnLNJhpZU@live.com,COPC630404RDA,4/4/1963,7834332524,"Tuxpan, Ver.",150000,100,NO
100334,44895,YES,Owner Occupier,8,0,2,888,1,8915,FORTUNATO ROIG REMEDIOS,NhaYZcTnrv@gmail.com,RORF850621LW6,21-06-1985,7357073931,"Cuautla, Mor.",310000,100,YES
100497,55777,YES,Private Renting,1,11,2,453,0,6215,OSCAR JOSE BALMES CELIS,MnxvqrbPqM@company.com,BACO900415RI7,15-04-1990,8152655617,"Monterrey, N.L.",285000,100,YES
100285,44974,YES,Public Housing,14,18,2,2772,0,9515,Wolfgang Amadeus Mozart,DuisMwpp3o@gmail.com,AMMW561026SNA,21-04-1967,6252147699,"Ciudad Cuauhtémoc, Chih.",264000,130,NO
100294,55642,YES,Private Renting,4,22,2,240,0,5925,JULIO MANUEL COLIN BRICENO,JqQBfBEihV@hotmail.com,COBJ6709012T11,1/9/1967,3122224163,"Colima, Col.",349900,130,NO
101731,49789,YES,Owner Occupier,2,4,2,44,0,9340,EXIQUIO OLIVAN ROCAFUERTE,CVAnjqMYVP@live.com,OLRE680926E46,26-09-1968,8668213812,"Monclova, Coah.",200000,100,NO
101505,45153,NO,Owner Occupier,2,13,2,804,1,8900,CARLOS IGNACIO OLAYA FERNANDO,HArlpVxuAT@gmt.com.mx,OLFC000812LE9,12/8/2000,2418475366,"Apizaco, Tlax.",146000,130,YES
101453,45869,YES,Private Renting,21,8,2,71,1,9240,ALEJANDRA PATRICIA MONTAÑEZ ZAZUETA,sWHXZeLvqN@live.com,MOZA000625R35,25-06-2000,4155800746,"San Miguel de Allende, Gto.",325000,100,YES
101532,48931,YES,Owner Occupier,11,19,2,652,0,7795,NORA ICELA ORGAZ LINO,IXUNHorvjb@gmail.com,ORLN630608HS9,8/6/1963,2381681028,"Tehuacán, Pue.",190000,100,NO
100449,45238,YES,Owner Occupier,9,6,2,326,1,5515,MARIA GUDELIA BASULTO TECOCOATZI,LAQWCsSPxi@hotmail.com,BATM741031KN5,31-10-1974,6562342697,"Ciudad Juárez, Chih.",160000,120,YES
100425,55497,YES,Owner Occupier,7,3,1,637,1,8980,OSCAR ROBERTO LARGO CASASANERO,UQqAYEeRdf@hotmail.com,LACO010305PA5,5/3/2001,3227166631,"Puerto Vallarta, Jal.",229500,100,YES
100581,45841,NO,Public Housing,11,12,2,4159,0,13350,DECIDERIO URBIOLA NORATO,sRplgGyksb@hotmail.com,URND8911239V5,23-11-1989,3921364378,"Ocotlán, Jal.",350000,100,NO
100760,43794,YES,Owner Occupier,9,6,2,1430,0,9020,LILI DEL CARMEN VILLAGRA MONSREAL,SUqDpVvtRj@gmt.com.mx,VIML840407UR8,7/4/1984,6315691176,"Nogales, Son.",143000,101,NO
101282,45715,YES,Owner Occupier,8,14,2,772,1,12985,ALMA A VALLADOLID CALTENCO,LzPsekGjbu@live.com,VACA550822LW8,22-08-1955,4455404579,"Moroleón, Gto.",137000,100,NO
100671,51859,YES,Private Renting,19,2,2,369,1,5290,ROGER ENRIQUE ESCARRAMAN ALVIS,nZzUXLVJWo@gmail.com,ESAR740819JP8,19-08-1974,7822464490,"Poza Rica,Ver.",360000,110,YES
101491,46785,YES,Private Renting,14,4,1,1227,1,6510,JOSE SOTERO CHAVOLLA BARDALES,zUWRJUCcOe@gmail.com,CABJ810607PX3,7/6/1981,6311594099,"Nogales, Son.",300000,100,NO
100705,49485,YES,Private Renting,24,10,1,563,1,4455,GABRIEL ANGEL COLON MONTEJANO,PzJYWfILHK@live.com,COMG8902137L6,13-02-1989,4435246771,"Morelia, Mich.",250000,100,YES
100624,43677,YES,Sheltered,16,9,1,740,0,10915,JESUS FELIPE CENDEJAS TIZAPA,nzPnrTRXqL@gmt.com.mx,CETJ7101282BA,28-01-1971,6862608555,"Mexicali, B.C.",190000,100,NO
100702,59201,YES,Owner Occupier,12,25,1,12164,0,14795,Wolfgang Amadeus Mozart,DuisMwpp3o@gmail.com,AMMW561026SNA,5/11/1961,6464496165,"Ensenada, B.C.",545000,100,YES
100730,57388,YES,Private Renting,23,22,1,3450,0,5365,JOSE SERGIO YEPIS YERBAFRIA,kEuUNvIOil@gmail.com,YEYJ7603292W7,29-03-1976,2449106300,"Atlixco, Pue.",105000,101,YES
100374,56849,YES,Owner Occupier,4,4,1,117,1,5725,MIRNA ISABEL KOH ABUNDIS,WHIVVkYkju@gmt.com.mx,KOAM750421HC5,21-04-1975,2725810433,"Orizaba, Ver.",117000,100,NO
101698,58785,NO,Private Renting,31,16,2,1111,0,7415,ANA JACINTA ZUVIRIE ELORRIAGA,jZVuowcGQU@company.com,ZUEA0002126B7,12/2/2000,5942918480,"San Marcos Nepantla, Méx.",275000,130,NO
100403,44831,YES,Owner Occupier,15,2,1,1597,1,8790,ROGELIO ARTURO URSUA SAN MIGUEL,uepqUfmeUo@live.com,URSR810322N49,22-03-1981,7838818162,"Tuxpan, Ver.",161000,100,YES
100448,53201,NO,Owner Occupier,18,29,1,17134,0,16275,MARGARITA YOLANDA OSEGUERA LUZANIA,QpVLDrKLKw@company.com,OSLM590111R37,11/1/1959,7751398395,"Singuilucan, Hgo.",197307,100,NO
100621,50621,NO,Owner Occupier,24,22,2,1047,0,9940,Wolfgang Amadeus Mozart,DuisMwpp3o@gmail.com,AMMW561026SNA,21-04-1957,3516187853,"Zamora, Mich.",350000,120,NO
100375,50808,NO,Private Renting,19,18,2,457,0,7775,TIMOTEA APAEZ ALMODOVAR,kAvMrOxkFz@live.com,APAT601007NF5,7/10/1960,9389833830,"Ciudad del Carmen, Camp.",125000,101,YES
100353,43908,NO,Public Housing,18,15,1,4242,0,7915,SIRIA DIRZO Y MENDOZA,GZdBiLZxiW@gmt.com.mx,DIYS910811FV5,11/8/1991,4499979053,"Aguascalientes, Ags.",190000,100,NO
100389,59036,YES,Owner Occupier,7,6,1,495,1,8915,GUADALUPE DE LOURDES ORTEGA VELADOR,LOdiIIYUGY@gmail.com,ORVG730527G42,27-05-1973,9516742690,"Oaxaca, Oax.",193000,101,YES
100369,43322,YES,Private Renting,15,6,2,218,1,6940,ARELI BERENICE YEN MAZA,BSdHymTViu@gmt.com.mx,YEMA920522GAA,22-05-1992,5592082077,"Ciudad de México, D.F.",325000,100,NO
100661,47568,YES,Private Renting,5,11,2,2391,1,12965,RICARDO NOE TABARDILLO CASASANERO,iHXkdiuroW@gmail.com,TACR011121LG4,21-11-2001,4158667130,"San Miguel de Allende, Gto.",285000,100,YES
100754,50816,YES,Owner Occupier,0,17,2,2031,1,8075,SALVADOR ARTURO AYUZO MUNIVE,xBRyddFALb@company.com,AYMS590910NA6,10/9/1959,4748182104,"Lagos de Moreno, Jal.",300000,130,YES
101303,43795,YES,Public Housing,17,5,2,1171,0,11285,JUAN DOMINGO BLANHIR SAN MARTIN,zXXZPrLCcB@gmail.com,BLSJ780829LW11,29-08-1978,7478234148,"Chilpancingo, Gro.",153000,100,YES
101383,54013,YES,Private Renting,9,4,1,996,0,11105,ROSA AIDE PINAL CUNA,DQNEOoIJFl@hotmail.com,PICR630904PB7,4/9/1963,2441238999,"Atlixco, Pue.",156000,100,NO
101789,43151,NO,Private Renting,6,9,1,681,1,7290,MIGUEL SALVADOR PETRIZ VALE,WGtAuXdwJt@company.com,PEVM011104K61,4/11/2001,7834666323,"Tuxpan, Ver.",320000,110,NO
100456,47026,NO,Private Renting,23,18,2,1368,0,6955,ROBERTO ADRIAN LONGARES ABALOS,stNAIfFRlB@live.com,LOAR740925PI9,25-09-1974,6863291718,"Mexicali, B.C.",145000,130,NO
100759,47035,NO,Living with parents/guardian,8,15,1,2003,0,10915,Wolfgang Amadeus Mozart,DuisMwpp3o@gmail.com,AMMW561026SNA,16-05-1958,3925230627,"Ocotlán, Jal.",390000,100,YES
100662,50833,YES,Public Housing,21,16,1,760,1,11585,Wolfgang Amadeus Mozart,DuisMwpp3o@gmail.com,AMMW561026SNA,18-11-1963,6697006051,"Mazatlán, Sin.",270000,100,YES
100626,52887,YES,Public Housing,10,9,2,1339,0,8560,MALENA ROMERO ASPEITIA,mjbVeEKScd@live.com,ROAM530522L711,22-05-1953,4933258670,"Fresnillo, Zac.",185000,130,YES
100470,45949,NO,Private Renting,17,7,1,3865,0,13010,MARIO SEBASTIAN IXTLA DE LEON,guDwQjykEs@live.com,IXDM760225423,25-02-1976,2297262726,"Veracruz, Ver.",149000,100,YES
100383,54013,YES,Private Renting,9,4,1,996,0,11105,Wolfgang Amadeus Mozart,DuisMwpp3o@gmail.com,AMMW561026SNA,21-08-1999,6564733104,"Ciudad Juárez, Chih.",156000,100,NO
101285,44974,YES,Public Housing,14,18,2,2772,0,9515,LEODEGARIA CASTORENA APANCO,kPjIysSfjy@gmt.com.mx,CAAL560327N78,27-03-1956,3126125422,"Colima, Col.",264000,130,NO
101732,47623,YES,Owner Occupier,12,7,2,1358,1,7365,RUTH ALICIA ALFEREZ ARELLANO,WyKdCzgFQv@gmail.com,ALAR990825EC9,25-08-1999,9386983565,"Ciudad del Carmen, Camp.",275000,130,YES
101701,46501,YES,Private Renting,5,5,2,327,1,9070,GABRIELA ARACELI SEVERINO PANDO,ltTtuajZDs@live.com,SEPG790826LX3,26-08-1979,6674175000,"Culiacán, Sin.",325000,100,NO
100436,45518,YES,Private Renting,17,22,1,8231,1,16485,JORGE EUGENIO MANZANILLA TIZAPA,fcDtiePQfe@gmail.com,MATJ610310EM3,10/3/1961,2292153978,"Veracruz, Ver.",260000,130,NO
101672,54777,YES,Public Housing,26,17,2,2814,1,10895,EFIGENIO BONETTA VISTA,QvgcPfqQav@live.com,BOVE570211KEA,11/2/1957,4934656673,"Fresnillo, Zac.",260000,100,NO
101570,55565,NO,Owner Occupier,23,0,2,2219,0,11885,JAIME LUIS LOAEZA VILLAR,VqKeBFUruK@company.com,LOVJ660809KQ4,9/8/1966,7538188400,"Ciudad Lázaro Cárdenas, Mich.",440000,110,YES
100716,45217,NO,Owner Occupier,17,8,2,445,1,11455,CLAUDIA IRENE SANSON CARREOLA,RdPWMmIzXv@gmt.com.mx,SACC590117AY7,17-01-1959,5955872289,"Texcoco, Méx.",315000,120,NO
100696,43977,YES,Public Housing,14,12,1,4763,1,11145,AMAPOLA ROSANO DAMIAN,qKOpjLGCGD@live.com,RODA700515T66,15-05-1970,7531535366,"Ciudad Lázaro Cárdenas, Mich.",330000,120,NO
100729,43146,NO,Owner Occupier,0,10,1,679,1,10420,ROCIO DE LA LUZ ALAMINA LAVEAGA,VwPUxirZXv@live.com,ALLR731024SJ6,24-10-1973,2443074087,"Atlixco, Pue.",105000,101,YES
100736,44005,YES,Private Renting,16,8,2,25,1,6920,MARIELA GUADALUPE DEL OLMO VILLASALDO,eYwNTwHEhJ@company.com,DEVM601130UA7,30-11-1960,4926548982,"Zacatecas, Zac.",179000,130,NO
101670,56470,YES,Private Renting,31,15,2,390,0,7055,MARTHA SARAHI JARAMILLO NORBERTO,IIetuCVcxq@gmail.com,JANM6010019V5,1/10/1960,7827201294,"Poza Rica,Ver.",240000,110,YES
100330,45217,YES,Private Renting,19,8,1,732,0,5860,IVONNE LIZETH CABANZO GALGUERA,miHTmBeohU@company.com,CAGI721219GG7,19-12-1972,6122810334,"La Paz, B.C.S.",240000,120,YES
100765,51498,YES,Private Renting,26,9,1,589,1,10150,ELSA DEL CARMEN PANI REBOLLOZA,QBGfujEgSZ@gmail.com,PARE580315AH11,15-03-1958,2296953086,"Veracruz, Ver.",295000,100,NO
100443,43874,NO,Owner Occupier,18,0,2,1320,1,10295,OVIDIO HIPOLITO GALLEGOS,afaiAHWwOc@company.com,HIGO691030NI6,30-10-1969,7739730747,"Tepeji del Rio, Hgo.",258000,100,YES
100691,44898,NO,Owner Occupier,4,22,1,527,0,10270,ENCARNACION UTRILLA BALDAZO,JkfnVcRLBy@gmt.com.mx,UTBE670214B26,14-02-1967,4646722780,"Salamanca, Gto.",288500,100,NO
101407,43989,YES,Owner Occupier,8,10,1,30,1,5805,VELINA GALDEANO LEOS,GkrIuuzTlm@company.com,GALV911221M43,21-12-1991,2487051083,"San Martín Texmelucan, Pue.",410000,101,NO
100767,51724,YES,Owner Occupier,15,3,1,88,1,7150,SILVIA YANETH LOA GARZON,xcycIjPZhz@gmt.com.mx,LOGS9901239U11,23-01-1999,6275980871,"Parral, Chih.",140000,101,YES
101760,43794,YES,Owner Occupier,9,6,2,1430,0,9020,SERGIO DAVID POZADA XINGU,LfUbaUIVUR@gmail.com,POXS860708J5A,8/7/1986,3385563966,"Guadalajara, Jal.",143000,101,NO
100784,44261,NO,Owner Occupier,9,22,1,823,1,8010,IGNACIO ARTURO VIDALES MACAL,gBYZsNfdTN@gmail.com,VIMI6111308S6,30-11-1961,6257740944,"Ciudad Cuauhtémoc, Chih.",323600,100,YES
101377,51945,NO,Public Housing,19,0,1,25,1,7480,IRAN DELGADILLO RAVELO,JmHIUeTMns@live.com,DERI880830DP7,30-08-1988,2444264937,"Atlixco, Pue.",290000,110,YES
101703,45368,NO,Owner Occupier,4,2,2,711,1,10340,Wolfgang Amadeus Mozart,DuisMwpp3o@gmail.com,AMMW561026SNA,20-01-2000,3533638363,"Sahuayo, Mich.",325000,100,NO
100766,57376,YES,Private Renting,21,27,2,684,1,9845,MELECIO DUENEZ COTE,rJwrfCXFlL@gmail.com,DUCM7502073HA,7/2/1975,4425545547,"Querétaro, Qro.",540000,110,YES
100796,58381,YES,Private Renting,16,12,1,829,0,11750,RICARDO ARMANDO GAVILANEZ SCHROEDER,zQewEhaeho@live.com,GASR6207141C2,14-07-1962,8785989712,"Jiménez, Coah.",455000,100,NO
100453,45869,YES,Private Renting,21,8,2,71,1,9240,JULIO MARTIN PANALES GUINTO,dHliAQhTGw@company.com,PAGJ721104IR3,4/11/1972,7337389131,"Mayanalán, Gro.",325000,100,YES
100442,44271,YES,Private Renting,17,20,1,284,1,6185,JESUS AZNAR H,uXXtSxLpwi@company.com,AZHJ620321TIA,21-03-1962,6271343337,"Parral, Chih.",200000,130,YES
100561,45721,YES,Living with parents/guardian,3,14,1,294,1,7925,HILDA ELIZABETH LEREE WITRAGO,RogNWhSOOX@company.com,LEWH6702282W11,28-02-1967,4776484694,"León, Gto.",245000,100,NO
100500,50302,YES,Owner Occupier,20,9,2,455,0,10490,LEONARDO ENRIQUE ZMERY AUZA,EzaUUgvyaA@company.com,ZMAL550213MN9,13-02-1955,6396907389,"Ciudad Delicias, Chih.",535000,100,YES
100292,56087,NO,Public Housing,27,18,1,4818,1,8910,MIRIAM DE LOS ANGELES RASGADO SERRA,GfAuigMXZw@company.com,RASM6209251K1,25-09-1962,9385181971,"Ciudad del Carmen, Camp.",95000,101,NO
100477,43761,NO,Owner Occupier,10,6,1,1418,0,11245,MARTHA ARACELY GARVALENA ZENIL,QgmAwJUHWe@hotmail.com,GAZM910814TJ2,14-08-1991,9712144231,"Ixtepec, Oax.",192500,100,NO
101512,45621,YES,Owner Occupier,1,19,1,1878,0,9260,VICTOR ROMAN SALVAT OSCAR,WUYhLvTkxQ@company.com,SAOV880131QM8,31-01-1988,6446528483,"Ciudad Obregón, Son.",195000,100,YES
100683,45549,NO,Owner Occupier,2,21,1,5791,0,13325,ASAEL SEVILLA YEVISMEA,yKYVDXBcoJ@gmail.com,SEYA59121088A,10/12/1959,6675781499,"Culiacán, Sin.",155500,100,NO
101503,44095,YES,Private Renting,13,4,1,368,0,8730,Wolfgang Amadeus Mozart,DuisMwpp3o@gmail.com,AMMW561026SNA,22-02-1991,4746457880,"Lagos de Moreno, Jal.",285000,100,NO
100549,44460,YES,Owner Occupier,4,16,1,3467,1,9290,J MANUEL CHONTAL VIXTHA,ncUPZJzgXf@gmail.com,COVJ000701B28,1/7/2000,7343224923,"Zacatepec, Mor.",192000,100,YES
100551,43707,YES,Owner Occupier,8,9,1,1131,0,9365,FABIOLA DEL CARMEN TOVAR FUNEZ,HxmmHVilNC@gmail.com,TOFF740818J44,18-08-1974,7224513647,"Toluca, Méx.",125000,100,NO
101602,44892,YES,Private Renting,12,2,2,3337,0,11195,FRANCISCO JAVIER CARMELO SALANUEVA,ZYRIVVBlNF@hotmail.com,CASF8608111F2,11/8/1986,9226000316,"Chinameca, Ver.",175000,110,NO
100444,43888,YES,Owner Occupier,16,21,1,3820,1,7240,ALAN GAVIÑO ANICETO,MVpJarbZru@company.com,GAAA890912IN9,12/9/1989,9991665486,"Mérida, Yuc.",220000,100,YES
100414,58026,YES,Living with parents/guardian,17,13,1,6156,0,15905,ALFONSO ARMANDO PANO DENA,XZTjYWayGt@hotmail.com,PADA850924EG1,24-09-1985,9817314473,"Campeche, Camp.",153000,100,YES
100792,44230,YES,Owner Occupier,9,22,2,3106,0,540,HUGO ARTURO YOPIHUA TEZOCO,cKRQYfCGda@hotmail.com,YOTH931110QE9,10/11/1993,8785699922,"Jiménez, Coah.",350000,100,NO
101439,43890,YES,Owner Occupier,19,18,2,505,1,6960,LAURA GPE PALMILLAS CAVAZOS,dpGdXZSAWC@gmail.com,PACL990618TW6,18-06-1999,6685139867,"Los Mochis, Sin.",348500,100,NO
100343,45687,YES,Public Housing,22,16,2,1064,1,8465,DAVID JAVIER ARROYOS LEMUS,qZInYzinuI@gmt.com.mx,ARLD660104LC7,4/1/1966,2384206863,"Tehuacán, Pue.",349000,100,NO
101389,59036,YES,Owner Occupier,7,6,1,495,1,8915,BEATRIZ IRENE GABRIEL BETANCOURTH,BJdgezIgyN@gmail.com,GABB980531T55,31-05-1998,8336010970,"Tampico, Tamps.",193000,101,YES
100650,45283,NO,Public Housing,15,3,1,1460,1,13075,LUIS ALBERT TURCOTT TEPEXPA,LGMaitOPnr@company.com,TUTL910628RN7,28-06-1991,7473631182,"Chilpancingo, Gro.",167000,100,YES
100588,45266,NO,Public Housing,3,5,1,6805,0,21360,MARIO ADOLFO ROMAN RODRIGO,ayPrKfLsrj@live.com,RORM850316Q84,16-03-1985,2381287550,"Tehuacán, Pue.",550000,100,YES
100794,53704,YES,Owner Occupier,21,17,2,490,1,2825,JESSICA SARAI SUAZO GERTRUDIS,QROAsMAaKJ@hotmail.com,SUGJ770811UF5,11/8/1977,7344238919,"Zacatepec, Mor.",425000,100,YES
100700,55140,NO,Owner Occupier,20,13,2,5095,0,8540,ANDRES DE JESUS FLORENTINO CRISPIN,JlOhKpYfkG@hotmail.com,FLCA610516UU2,16-05-1961,6255188381,"Ciudad Cuauhtémoc, Chih.",545000,100,NO
100604,49407,NO,Owner Occupier,23,13,2,1793,0,8950,ELIA ELIZABETH NOVERON NEMECIO,VbOSvGZKbA@gmt.com.mx,NONE740809AW9,9/8/1974,7775907772,"Cuernavaca, Mor.",180000,100,YES
101739,43185,NO,Living with parents/guardian,0,8,1,20,0,9420,GENNY YOLANDA CABRAL CASTANO,vVqaTnGcBB@gmt.com.mx,CACG851130P311,30-11-1985,2414938121,"Apizaco, Tlax.",305000,130,NO
100579,45904,YES,Owner Occupier,22,7,1,60,0,4850,ANDRES JESUS AGRAMON VILLAVELAZQUEZ,CKoIpdwTIx@hotmail.com,AGVA9501286L9,28-01-1995,5546232497,"Ciudad de México, D.F.",110000,110,NO
100412,56891,NO,Owner Occupier,26,1,1,1543,1,5545,OMAR SALVADOR MONTAÑO MOSS,OhGrXLoiMb@gmt.com.mx,MOMO620821UG7,21-08-1962,4499446754,"Aguascalientes, Ags.",570000,100,NO
101388,48511,NO,Owner Occupier,21,25,1,793,0,9550,ALBERTO MANUEL ROSALINO DOSAL,vptaWjNBtr@gmail.com,RODA520430GP4,30-04-1952,9623870031,"Tapachula, Chis.",260000,120,NO
100521,44394,NO,Owner Occupier,20,17,1,2041,0,10100,AMANDA PATRICIA ONOFRE CANTOR,UunDwwyVGX@hotmail.com,ONCA550918CP3,18-09-1955,6646652545,"Tijuana, B.C.",287500,100,NO
101399,44617,NO,Owner Occupier,4,10,2,154,1,925,SENORINA MARTOS APOLINAR,xeNTIHGOAL@gmail.com,MAAS970429GW6,29-04-1997,6225496114,"Guaymas, Son.",275000,100,YES
101347,55554,YES,Public Housing,27,0,1,708,0,8615,Wolfgang Amadeus Mozart,DuisMwpp3o@gmail.com,AMMW561026SNA,2/10/1982,2468691210,"Tlaxcala, Tlax.",235000,100,NO
101376,58505,YES,Owner Occupier,11,9,2,668,0,5370,ALBERTO ESTEBAN CASTULO CARBAJAL,lHpsnuyUvG@gmt.com.mx,XXXX770823L42,23-08-1977,3929464973,"Ocotlán, Jal.",150000,100,NO
100755,53660,YES,Private Renting,23,17,1,380,1,7945,MARIA ANTELMA SEDEÑO DEPRAECT,ehZEyMjfjW@company.com,SEDM980923TM2,23-09-1998,7479319154,"Chilpancingo, Gro.",378000,100,NO
100424,43895,YES,Owner Occupier,7,18,1,446,1,9085,KARLA LUCIA SAHAGUN COLLINS,VYUiZhALEp@live.com,SACK620225M56,25-02-1962,4741843059,"Lagos de Moreno, Jal.",400000,110,NO
100405,43482,YES,Owner Occupier,4,1,1,361,1,8375,Wolfgang Amadeus Mozart,DuisMwpp3o@gmail.com,AMMW561026SNA,18-01-1999,7343281580,"Zacatepec, Mor.",499250,100,NO
100722,45390,YES,Owner Occupier,3,2,2,154,0,11710,JOSE AMANDO ZALAZAR AMPUDIA,hsnTenbohr@gmail.com,ZAAJ680127NX1,27-01-1968,7354773790,"Cuautla, Mor.",242500,110,NO
101295,52725,YES,Private Renting,26,9,2,12,0,4415,CARMEN YADIRA HUH YOLIMEA,vAakNhuprQ@live.com,HUYC600504DH5,4/5/1960,9994170307,"Mérida, Yuc.",98000,100,NO
100694,53307,YES,Owner Occupier,8,27,2,1984,1,9475,JULIO ANDRES ANTONINO CELESTIN,yztplyIWwK@hotmail.com,ANCJ010317SKA,17-03-2001,6648375810,"Tijuana, B.C.",130000,100,NO
100733,45318,NO,Private Renting,2,3,1,461,1,7665,Wolfgang Amadeus Mozart,DuisMwpp3o@gmail.com,AMMW561026SNA,21-04-1956,5599616019,"Ciudad de México, D.F.",305000,130,YES
101272,43593,YES,Owner Occupier,13,0,1,2315,0,12820,NOE BURGARA PALESTINA,toDBiARKvV@company.com,BUPN7008037E7,3/8/1970,9993332714,"Mérida, Yuc.",180000,130,NO
100445,44194,YES,Private Renting,16,2,2,1007,1,8550,ENEAS FAMANIA GIL,dDxXarzuMp@hotmail.com,FAGE7509221R4,22-09-1975,2415390665,"Apizaco, Tlax.",565000,120,YES
100326,55897,NO,Private Renting,13,2,2,315,0,9690,JOSAFAT LEGASPE IZQUIERDO,MGjumfUQCj@company.com,LEIJ981109E45,9/11/1998,2419921873,"Apizaco, Tlax.",240000,120,NO
100506,43820,NO,Owner Occupier,3,3,2,230,0,12095,Wolfgang Amadeus Mozart,DuisMwpp3o@gmail.com,AMMW561026SNA,31-08-1996,3111659330,"Tepic, Nay.",395000,110,NO
100802,48607,YES,Owner Occupier,19,23,2,985,1,4415,ROGER ALBERTO ARRON GRANDE,YzUzrWnmPq@gmt.com.mx,ARGR830805QV1,5/8/1983,6467635363,"Ensenada, B.C.",170000,100,NO
100665,57520,YES,Private Renting,25,19,1,890,0,11950,MIJAIL CRUZADO CHILLOPA,GWJeBKlJeY@gmail.com,CRCM751107S38,7/11/1975,4742561990,"Lagos de Moreno, Jal.",430000,121,NO
100422,47623,NO,Private Renting,23,7,1,784,1,8630,ARGENTINA COSGAYA ALDARACA,pmoZZXFqYI@hotmail.com,COAA770514IU5,14-05-1977,7773060115,"Cuernavaca, Mor.",290000,100,NO
101802,48607,YES,Owner Occupier,19,23,2,985,1,4415,JOAQUIN ALEJANDRO BULE CASIANO,CgJCfEGnTw@hotmail.com,BUCJ610723463,23-07-1961,6534672426,"San Luis Río Colorado, Son.",170000,100,NO
100311,43330,YES,Owner Occupier,9,6,1,25,1,9630,ZORAYDA DEL MORAL TLAXCALTECATL,syEQfWsSHj@company.com,DETZ011225G95,25-12-2001,6862240509,"Mexicali, B.C.",355000,100,NO
100724,43348,NO,Sheltered,12,5,2,608,1,11720,CARLOS JULIAN NAAL Y RODRIGUEZ,EOSDABxhZV@live.com,NAYC771009259,9/10/1977,6626761333,"Hermosillo, Son.",200000,120,YES
100321,43185,YES,Owner Occupier,1,9,2,1646,0,8125,NIDIA ARACELI MANILA SALMORAN,UHnJZOFIUO@live.com,MASN671021PD9,21-10-1967,6252222195,"Ciudad Cuauhtémoc, Chih.",235000,100,NO
101593,50445,YES,Public Housing,10,8,1,237,1,9310,Wolfgang Amadeus Mozart,DuisMwpp3o@gmail.com,AMMW561026SNA,17-04-1983,6222765264,"Guaymas, Son.",250000,120,YES
100761,53102,NO,Owner Occupier,15,1,1,1147,0,7590,HECTOR MANUEL PESTAÑA ADAM,xdSVWUDavj@company.com,PEAH920108A81,8/1/1992,6314351783,"Nogales, Son.",215000,100,YES
100534,44413,YES,Private Renting,13,16,2,885,0,4665,Wolfgang Amadeus Mozart,DuisMwpp3o@gmail.com,AMMW561026SNA,21-07-1969,2221540941,"Puebla, Pue.",165000,100,YES
100558,45419,YES,Private Renting,1,2,2,231,0,9200,EVA ADRIANA LEIVA LIZOLA,XBSscWLgZG@company.com,LELE641226RJ5,26-12-1964,4775956044,"León, Gto.",131500,100,NO
101468,45970,NO,Owner Occupier,11,7,1,579,0,9280,JESUS JOSUE NERI KOYOC,gWuhkGsZgn@company.com,NEKJ950325HB3,25-03-1995,2296374302,"Veracruz, Ver.",132000,100,NO
100745,45313,YES,Owner Occupier,13,3,2,341,1,4065,PLATON PINA NORMAN,bWzVJYCAlo@gmt.com.mx,PINP9004244F3,24-04-1990,8616085121,"Sabinas, Coah.",290000,130,YES
100679,45584,NO,Private Renting,2,19,1,1256,0,4150,EDEL CARNERO DE LA PENA,KraDOYtqHB@hotmail.com,CADE560715SE2,15-07-1956,6677271287,"Culiacán, Sin.",474000,110,NO
100473,43750,NO,Private Renting,13,6,1,988,1,7060,JOSE DOLORES OZUMBILLA BACILIO,GdwjNZTTlu@company.com,OZBJ6804304L8,30-04-1968,6694993015,"Mazatlán, Sin.",443000,100,NO
101330,45217,YES,Private Renting,19,8,1,732,0,5860,ESTANISLADA REBOLLEDO GOLIB,ZEDBLLFeyM@gmt.com.mx,REGE610725SU2,25-07-1961,6567899869,"Ciudad Juárez, Chih.",240000,120,YES
100510,43976,NO,Public Housing,18,12,2,745,0,5145,PETRA LETICIA CAMPERO CAVITA,ZfbyYZRqwb@live.com,CACP830211BM7,11/2/1983,7285519032,"Lerma, México",350000,100,NO
100752,44395,YES,Owner Occupier,20,16,2,1299,1,8750,JUAN SILVESTRE TORRUCO PICHARDO,mRDWAOnzkb@hotmail.com,TOPJ560708I18,8/7/1956,9995564615,"Mérida, Yuc.",290000,100,YES
100660,49850,YES,Living with parents/guardian,5,1,2,1265,1,4535,JOHANNA TOALA BERSOZA,pJSzafoaiq@company.com,TOBJ6402075D9,7/2/1964,8152125276,"Monterrey, N.L.",455000,100,NO
100580,44477,NO,Private Renting,19,15,1,351,0,8290,GUSTAVO ARMANDO PIO TIPACAMU,reBvkHTEyM@gmail.com,PITG860415FJ2,15-04-1986,8687410661,"Matamoros, Tamps.",220000,130,NO
100737,44306,YES,Owner Occupier,15,19,2,7995,1,13220,JUAQUIN EVIA AVELINO,iPnVRkfylW@gmail.com,EVAJ951105DU1,5/11/1995,2729363198,"Orizaba, Ver.",275000,130,YES
101470,45949,NO,Private Renting,17,7,1,3865,0,13010,ADRIANA MARIA GAMINO ACOLTZI,TmOlsKIlQQ@gmail.com,GAAA6309279H1,27-09-1963,8667712764,"Monclova, Coah.",149000,100,YES
101353,43908,NO,Public Housing,18,15,1,4242,0,7915,CESAR RODRIGO VALDEPENA ESTANOL,FPpfXpyRUo@company.com,VAEC530429SQA,29-04-1953,4431065571,"Morelia, Mich.",190000,100,NO
100593,50445,YES,Public Housing,10,8,1,237,1,9310,LEONOR VIRGINIA MORELLANO CANSIGNO,AGzoJBrcSW@gmail.com,MOCL9507109WA,10/7/1995,9216411453,"Coatzacoalcos, Ver.",250000,120,YES
100499,47422,YES,Owner Occupier,11,12,2,2010,1,12315,DIEGO DE JESUS VIVIAN DINA,sBFyNphwwK@hotmail.com,VIDD831027P25,27-10-1983,3145243025,"Manzanillo, Col.",330000,100,YES
101365,45115,YES,Private Renting,11,13,2,5189,1,16935,MARIA DE LA PAZ GARDEA PRATS,WePyDoeEvG@gmail.com,GAPM980530HP6,30-05-1998,4154217629,"San Miguel de Allende, Gto.",164000,101,NO
100347,55554,YES,Public Housing,27,0,1,708,0,8615,DAVID AGUSTIN ORELLANA GATICA,UCfCMmYIDN@gmail.com,ORGD7605062C4,6/5/1976,8444902582,"Saltillo, Coah.",235000,100,NO
101386,54603,NO,Owner Occupier,8,30,2,1562,1,7760,ABDON AGOSTO PERALTA,dlNyTSlQjC@live.com,AGPA001113QKA,13-11-2000,7354853656,"Cuautla, Mor.",150000,100,NO
100749,43876,YES,Private Renting,13,0,2,98,1,5330,ESTUARDO REYNAGA RABANALES,BohZsFuxps@gmail.com,RERE620807TY1,7/8/1962,4443832387,"San Luis Potosí, S.L.P.",252500,100,NO
101660,49850,YES,Living with parents/guardian,5,1,2,1265,1,4535,Wolfgang Amadeus Mozart,DuisMwpp3o@gmail.com,AMMW561026SNA,13-10-1969,8787552025,"Jiménez, Coah.",455000,100,NO
101495,47734,YES,Sheltered,23,6,2,2631,1,14355,ROSA MARTHA BANDO LLANO,aCsxtKGfAf@company.com,BALR8405102G6,10/5/1984,8718931503,"Torreón, Coah.",150000,100,NO
101730,57388,YES,Private Renting,23,22,1,3450,0,5365,JAKELINE MANZANO NEPONUCENO,UGiCJXPuKz@live.com,MANJ740828D3A,28-08-1974,7752686152,"Singuilucan, Hgo.",105000,101,YES
100348,54792,YES,Owner Occupier,22,17,1,1223,0,6915,NANCY CONCEPCION SALAICES SMITH,PbZbspvdQW@gmail.com,SASN630623IE1,23-06-1963,4529611595,"Uruapan, Mich.",254500,130,YES
100622,49600,YES,Private Renting,5,9,2,3366,1,9065,DOLORES ELENA OSORNIO UITZIL,LhlXQyQmHj@company.com,OSUD990424LK2,24-04-1999,4153823723,"San Miguel de Allende, Gto.",330000,100,NO
101770,53983,YES,Public Housing,1,9,2,2117,0,9585,Wolfgang Amadeus Mozart,DuisMwpp3o@gmail.com,AMMW561026SNA,31-07-1969,3782038679,"Tepatitlan, Jal.",319000,100,NO
101494,55421,NO,Owner Occupier,11,3,2,1169,0,10715,DIANA MONICA AYUB ARANZUBIA,hBTbkUEKJN@company.com,AYAD7809266Y7,26-09-1978,6681506832,"Los Mochis, Sin.",245000,130,YES
100320,44483,NO,Owner Occupier,16,15,2,116,0,7535,LUCIDALIA JIRON PANCHO,TgikulOWMb@company.com,JIPL810619DU4,19-06-1981,7733640438,"Tepeji del Rio, Hgo.",245000,130,YES
100376,58505,YES,Owner Occupier,11,9,2,668,0,5370,LAURA GISELA FARRERA DOROTEO,WVmdgPSUFb@hotmail.com,FADL901117UA5,17-11-1990,2463645672,"Tlaxcala, Tlax.",150000,100,NO
101753,53550,NO,Public Housing,11,23,1,544,1,7260,CARMEN RUTH PEÑA MONTESINOS,NSDEmsGyfU@gmt.com.mx,PEMC600901SC9,1/9/1960,8342657246,"Ciudad Victoria, Tamps.",250000,120,YES
101334,44895,YES,Owner Occupier,8,0,2,888,1,8915,ARACELY GUADALUPE MICHI GRANO,kLFkzKITcF@hotmail.com,MIGA581106DM5,6/11/1958,6677163849,"Culiacán, Sin.",310000,100,YES
100519,43408,YES,Owner Occupier,10,4,2,1106,0,10605,MIRIAM PAOLA CRUZADO RUBALCABA,qsfyHwjYeV@gmail.com,CRRM780820K43,20-08-1978,5947866974,"San Marcos Nepantla, Méx.",182500,130,NO
101458,46645,NO,Owner Occupier,19,4,1,884,0,6045,EMILIA DEL CARMEN ABUNDIZ ARMENTA,bIMPJLbdEI@live.com,ABAE0107311G11,31-07-2001,7756986176,"Singuilucan, Hgo.",475000,110,NO
100524,57004,YES,Private Renting,14,31,1,3561,0,6720,LAURA MERCEDES FENTANEZ SANTIAGO,DJFtUtLvfI@company.com,FESL540318PC7,18-03-1954,3411591281,"Ciudad Guzmán, Jal.",121000,100,NO
100701,46501,YES,Private Renting,5,5,2,327,1,9070,ANGEL URIEL Y CRUZ TRASVIÑA,atysDLhQrf@live.com,Y TA610516P87,16-05-1961,7556797089,"Zihuatanejo, Gro.",325000,100,NO
101519,43408,YES,Owner Occupier,10,4,2,1106,0,10605,AMBROCIA URQUIZA MOYOTL,syXdYMzvjM@gmt.com.mx,URMA8606232E5,23-06-1986,4927881297,"Zacatecas, Zac.",182500,130,NO
101421,56486,YES,Owner Occupier,5,11,1,696,1,4240,NICOLAS LUVIAN CUIN,BmAYIIvJfK@gmail.com,LUCN671206T39,6/12/1967,9816704622,"Campeche, Camp.",110000,100,NO
100790,44072,YES,Owner Occupier,5,5,1,1250,0,10590,ELSA ROCIO DITTRICH BERNARDINO,KpPwzqxPNL@live.com,DIBE760430FN4,30-04-1976,3527310463,"La Piedad, Mich.",275000,100,YES
100681,44582,NO,Owner Occupier,1,13,1,1581,1,10410,EDITH PATRICIA CASELIS DAMASCO,WeXpqOSqPb@hotmail.com,CADE6810302C8,30-10-1968,7757943081,"Singuilucan, Hgo.",238000,101,NO
100595,47161,YES,Public Housing,0,13,2,1096,1,4855,SEBASTIANA TEMIX LOAEZA,izQeUQPBhk@hotmail.com,TELS7711309I9,30-11-1977,4645908763,"Salamanca, Gto.",365000,110,NO
101600,45537,YES,Private Renting,22,21,2,2698,1,8885,TERESA LAURA VALLEJO QUEH,TiDKPJDaNG@gmail.com,VAQT890923H12,23-09-1989,4492479318,"Aguascalientes, Ags.",1000000,110,YES
101423,49007,NO,Living with parents/guardian,14,18,1,13360,0,24375,PASTORA MADRAZO LACUNZA,SQTrBHORDw@hotmail.com,MALP871022RL1,22-10-1987,9612009251,"Tuxtla Gutiérrez, Chis.",200000,100,NO
100770,53983,YES,Public Housing,1,9,2,2117,0,9585,ERIKA FABIOLA TAVIRA CADO,xJLEHAbSZy@live.com,TACE990813EF6,13-08-1999,6693509839,"Mazatlán, Sin.",319000,100,NO
100684,45712,YES,Owner Occupier,14,15,2,2216,0,8910,CORAL CESARIO DELOYA,GLxdHWXkFL@gmail.com,CEDC630724985,24-07-1963,8715715483,"Torreón, Coah.",215000,100,NO
100753,53550,NO,Public Housing,11,23,1,544,1,7260,IRMA BEATRIZ PARDIÑAS RAFAEL,iiMqsRLQAR@hotmail.com,PARI930609L61,9/6/1993,9982059459,"Cancún, Q.Roo",250000,120,YES
100282,45715,YES,Owner Occupier,8,14,2,772,1,12985,JUAN RODOLFO PIÑON Y YAM,MqqFLpAIqX@live.com,PIYJ7112222L2,22-12-1971,3529038851,"La Piedad, Mich.",137000,100,NO
101626,52887,YES,Public Housing,10,9,2,1339,0,8560,ANTONIO YOCUPICIO NEGROE,OnnqOZGlfN@hotmail.com,YONA771226ST3,26-12-1977,6127010070,"La Paz, B.C.S.",185000,130,YES
100452,57689,NO,Owner Occupier,25,19,1,331,1,9915,SANDRA ESMERALDA SANTIZ SARACHO,mjpMYIuluU@hotmail.com,SASS660704E28,4/7/1966,4626374948,"Irapuato, Gto.",315000,100,YES
100476,44318,YES,Owner Occupier,8,19,1,2096,0,9240,MARIO JAVIER LAVIN ANDUJO,ryJKobHarN@gmt.com.mx,LAAM590306MI6,6/3/1959,8689047910,"Matamoros, Tamps.",150876,100,NO
101627,44671,YES,Private Renting,16,9,2,3971,1,12050,AXEL TRIGOS LERA,mrcPFgYNqM@live.com,TRLA871203MK9,3/12/1987,7341750710,"Zacatepec, Mor.",270000,130,YES
100402,44684,YES,Owner Occupier,6,9,1,194,1,3965,CUPERTINO COLMENERO MICAELA,aZPHYzfMVW@live.com,COMC890811P11,11/8/1989,7734781067,"Tepeji del Rio, Hgo.",1290000,110,NO
100493,50515,NO,Owner Occupier,3,5,1,1642,1,12725,Wolfgang Amadeus Mozart,DuisMwpp3o@gmail.com,AMMW561026SNA,17-06-1978,2486413554,"San Martín Texmelucan, Pue.",106300,130,YES
101588,45266,NO,Public Housing,3,5,1,6805,0,21360,MA CONCEPCI GASPAR XOSPA,FmrdBQgxym@hotmail.com,GAXM790214FT4,14-02-1979,3115344483,"Tepic, Nay.",550000,100,YES
101456,47026,NO,Private Renting,23,18,2,1368,0,6955,DOLORES MARISOL LOCATZIN QUINO,SmMESobwAu@gmt.com.mx,LOQD710520SP4,20-05-1971,4627427381,"Irapuato, Gto.",145000,130,NO
100591,56523,YES,Public Housing,20,10,1,2066,0,9340,HERBERT CUBILLOS LIMON,FAsNXiCnqW@gmail.com,CULH8509252M2,25-09-1985,9838847067,"Chetumal, Q.Roo",157500,131,YES
101415,53791,YES,Owner Occupier,1,15,1,1844,1,11855,DIMAS SAAVEDRA NEPOMUCENO,tLemkSkicV@company.com,SAND860409MK11,9/4/1986,7715219788,"Pachuca, Hgo.",173900,100,YES
100440,44772,YES,Owner Occupier,9,6,1,469,0,7950,HESIQUIO MALFITANO MAURO,eoZCbztIzz@gmail.com,MAMH580305FW2,5/3/1958,6316046351,"Nogales, Son.",1060000,101,NO
101682,44270,YES,Owner Occupier,3,22,2,962,1,7845,JUANA IVONNE PALAU CHAZARO,qxlRAduQjS@live.com,PACJ720531MP8,31-05-1972,2289239928,"Jalapa, Ver.",200000,111,NO
100398,44187,YES,Owner Occupier,19,3,1,693,0,9310,MERCEDES ALICIA SIANUQUI CRUZ MANJARREZ,MADdvJrFLe@hotmail.com,SICM900411QJA,11/4/1990,2293734994,"Veracruz, Ver.",185000,100,NO
100489,48084,YES,Owner Occupier,10,3,2,555,1,10500,Wolfgang Amadeus Mozart,DuisMwpp3o@gmail.com,AMMW561026SNA,18-01-1976,7554028828,"Zihuatanejo, Gro.",265000,100,YES
100539,47470,NO,Private Renting,9,12,1,2111,0,9255,JAVIER DAVID JAUREGUI CARRADA,aPCHHPsPiS@hotmail.com,JACJ83011276A,12/1/1983,7559499063,"Zihuatanejo, Gro.",104000,130,NO
101338,45813,NO,Owner Occupier,10,13,1,59,0,7385,WENDY LIZETH ZUAREZ JURADO,vFhSwbaodE@hotmail.com,ZUJW770330C311,30-03-1977,3538848183,"Sahuayo, Mich.",103000,101,YES
100670,56470,YES,Private Renting,31,15,2,390,0,7055,NEIDA GRAPAIN AZANZA,pWsNKZMNaL@live.com,GRAN870401BF8,1/4/1987,6318488118,"Nogales, Son.",240000,110,YES
100592,55390,NO,Living with parents/guardian,23,3,1,812,0,7180,Wolfgang Amadeus Mozart,DuisMwpp3o@gmail.com,AMMW561026SNA,5/3/1993,6424317907,"Navojoa, Son.",231000,130,NO
100352,52961,YES,Public Housing,17,4,1,1853,1,11950,CARLOS JOSUE ITURIO LUGARDO,wVvzHvXkBo@gmt.com.mx,ITLC880819QB3,19-08-1988,9998575700,"Mérida, Yuc.",125000,130,YES
100324,51383,NO,Owner Occupier,19,12,2,1119,1,7955,Wolfgang Amadeus Mozart,DuisMwpp3o@gmail.com,AMMW561026SNA,27-08-1963,2287392381,"Jalapa, Ver.",222500,101,NO
100763,45452,YES,Owner Occupier,12,24,1,5490,1,10040,LUIS AGUSTIN ZACATE ZENDEJAS,MtMIKBvjmL@gmail.com,ZAZL6111198LA,19-11-1961,7826642555,"Poza Rica,Ver.",328000,100,NO
100322,50295,NO,Owner Occupier,3,12,1,298,0,6140,FELISA LESCAS ZENIL,PlHmJpVQsT@hotmail.com,LEZF790315Q59,15-03-1979,2442863510,"Atlixco, Pue.",950000,110,NO
100618,45463,YES,Owner Occupier,2,23,2,478,1,13350,OCTAVIO ENRIQUE URBINA BAÑALES,cCmVVDSNaV@live.com,URBO640317UP5,17-03-1964,6447022425,"Ciudad Obregón, Son.",215000,100,NO
100725,57598,YES,Public Housing,25,16,1,2171,1,5140,Wolfgang Amadeus Mozart,DuisMwpp3o@gmail.com,AMMW561026SNA,22-01-1956,2297099032,"Veracruz, Ver.",207000,100,NO
100319,59193,YES,Owner Occupier,26,0,2,2295,1,7350,GUSTAVO ARTURO REVELES ANGUS,MPSemRKxlP@hotmail.com,REAG6707067G3,6/7/1967,7333549971,"Mayanalán, Gro.",525000,100,NO
100600,45537,YES,Private Renting,22,21,2,2698,1,8885,PILAR FLETES ELEUTERIO,OlgUamqroi@hotmail.com,FLEP610702TX2,2/7/1961,9936408020,"Villahermosa, Tab.",1000000,110,YES
100789,43151,NO,Private Renting,6,9,1,681,1,7290,MANUEL OTHON SANTA ANA ISAAC,IjJTDOwqTo@gmail.com,SAIM541124EX3,24-11-1954,4435880519,"Morelia, Mich.",320000,110,NO
100338,45813,NO,Owner Occupier,10,13,1,59,0,7385,LILIANA ARACELI LICANO Y JIMENEZ,eyTjlqfcSr@company.com,LIYL010223IY4,23-02-2001,4646061878,"Salamanca, Gto.",103000,101,YES
101561,45721,YES,Living with parents/guardian,3,14,1,294,1,7925,GISEL SELVAN JAMAICA,fnbBYAamOe@company.com,SEJG620124C12,24-01-1962,4427376655,"Querétaro, Qro.",245000,100,NO
100764,44787,YES,Owner Occupier,9,4,2,982,0,8175,EMMANUEL ANTONIO LUQUEÑO MORLET,ylmcAFAxCU@gmail.com,LUME861223JT4,23-12-1986,6691972510,"Mazatlán, Sin.",295000,100,NO
101306,43650,YES,Public Housing,8,12,1,267,0,7800,OBETH RENOVATO UCH,YLNGjyNwwv@gmt.com.mx,REUO721027RU4,27-10-1972,4272718501,"Polotitlán, Méx.",355000,100,NO
100798,47111,YES,Private Renting,1,14,2,1001,1,10510,JOSE CIRILO BERSOZA GALUE,UzaQvTDhrb@gmt.com.mx,BEGJ9810129M11,12/10/1998,4491929416,"Aguascalientes, Ags.",425000,110,YES
100418,59508,YES,Owner Occupier,2,19,1,3671,1,10595,JAVIER DAVID ORTEGA AVENDANO,VkUOgNEAop@hotmail.com,ORAJ540227516,27-02-1954,7539993084,"Ciudad Lázaro Cárdenas, Mich.",135000,130,NO
100732,47623,YES,Owner Occupier,12,7,2,1358,1,7365,TEODORA NOGAL DURANTES,JDsMSUnTFN@gmt.com.mx,NODT920527HPA,27-05-1992,8345974309,"Ciudad Victoria, Tamps.",275000,130,YES
101578,45750,YES,Public Housing,13,13,1,1930,1,11355,BARTOLOME CONTI COYAC,camSEvJtXH@gmt.com.mx,COCB610404HA9,4/4/1961,8337764780,"Tampico, Tamps.",209000,101,NO
100587,45246,NO,Living with parents/guardian,6,5,1,737,1,5300,ELENO CLIMACO MORTEO,QIQGLePbcs@gmt.com.mx,CLME8812199J5,19-12-1988,9986819210,"Cancún, Q.Roo",175000,130,YES
100758,58914,NO,Living with parents/guardian,11,7,1,1562,1,9490,DIMAS GUSTAVO BAJIO,ulOfSHodLD@gmail.com,GUBD610812L14,12/8/1961,4436974253,"Morelia, Mich.",260000,100,YES
100672,54777,YES,Public Housing,26,17,2,2814,1,10895,ESTHER LETICIA PORCAYO GEORGE,mtSSdGYyce@gmail.com,POGE5206027D5,2/6/1952,9933399847,"Villahermosa, Tab.",260000,100,NO
101599,52495,NO,Owner Occupier,18,16,2,2527,1,10375,MERICIA SAHAGUN MORLAN,wsUmfcPFCS@company.com,SAMM720115FH7,15-01-1972,6678811177,"Culiacán, Sin.",195000,100,YES
101492,53365,YES,Owner Occupier,21,26,1,3819,0,10250,DELIA GABRIELA NEVARES AVILA,UzjFXDRkBU@hotmail.com,NEAD911205SK6,5/12/1991,9381213684,"Ciudad del Carmen, Camp.",230000,100,YES
100450,54673,YES,Owner Occupier,15,22,2,3086,1,11875,MIGUEL ESTEBAN FRADE NORES,cudzOCllRF@company.com,FRNM600525T88,25-05-1960,8615041870,"Sabinas, Coah.",180000,100,NO
100373,49678,YES,Owner Occupier,11,8,2,564,0,7195,GABRIEL IVAN TESILLO BERROSPE,WrvZxnPmds@gmt.com.mx,TEBG7710244H8,24-10-1977,3521783732,"La Piedad, Mich.",275000,100,NO
100566,56590,YES,Owner Occupier,27,8,2,332,0,6605,Wolfgang Amadeus Mozart,DuisMwpp3o@gmail.com,AMMW561026SNA,20-11-1973,6867591191,"Mexicali, B.C.",265000,100,YES
100346,52118,YES,Private Renting,17,22,2,2771,1,8390,KARLA VIANEY RUANOVA CHAPOL,xWWLbsJQnq@live.com,RUCK6201298PA,29-01-1962,4733102379,"Guanajuato, Gto.",165000,100,YES
100451,46949,YES,Public Housing,0,2,2,1634,1,9720,SANTOS CAPUCHINO VIZAR,VSHEMOzwnP@company.com,CAVS5805144Y6,14-05-1958,3126107759,"Colima, Col.",300000,110,NO
100688,45654,YES,Public Housing,6,18,2,5471,0,6915,Wolfgang Amadeus Mozart,DuisMwpp3o@gmail.com,AMMW561026SNA,3/8/1954,4815472822,"Ciudad Valles, S.L.P.",282000,130,YES
100731,49789,YES,Owner Occupier,2,4,2,44,0,9340,ROSA ELBA LOMBARD WOOLFOLK,TxxcTMlIKf@company.com,LOWR860314U311,14-03-1986,4423384113,"Querétaro, Qro.",200000,100,NO
101324,51383,NO,Owner Occupier,19,12,2,1119,1,7955,NATALI BELMAR TIANGUISTENGO,VRNnGeyoVq@hotmail.com,BETN600715343,15-07-1960,8616546151,"Sabinas, Coah.",222500,101,NO
100529,50075,YES,Private Renting,4,18,2,3768,0,6095,CLAUDIA MONSERRAT FONTES BALLATO,FdRAXDADUu@live.com,FOBC990325KA6,25-03-1999,6278587386,"Parral, Chih.",150000,110,NO
101412,56891,NO,Owner Occupier,26,1,1,1543,1,5545,WBALDO ISAURO BARROSO,irMsOSBnFs@gmail.com,ISBW610827N211,27-08-1961,9388001127,"Ciudad del Carmen, Camp.",570000,100,NO
100430,45066,YES,Private Renting,16,15,1,860,1,6605,MA AMELIA DIMAYUGA MADUEÑO,EitwoLKMji@live.com,DIMM600530GT2,30-05-1960,4649254260,"Salamanca, Gto.",255000,100,YES
101720,44682,YES,Private Renting,12,9,1,1192,1,7320,ANDRES COYOHUA LOA,UvaTZNofun@gmail.com,XXXX6808083F3,8/8/1968,3415671407,"Ciudad Guzmán, Jal.",475000,110,YES
101280,44202,YES,Owner Occupier,8,0,2,748,0,10455,Wolfgang Amadeus Mozart,DuisMwpp3o@gmail.com,AMMW561026SNA,2/10/1992,6622973996,"Hermosillo, Son.",170000,100,NO
101598,43514,YES,Private Renting,17,0,2,274,0,3425,LUCILA MARGARITA ORGANISTA FARARONI,OPXJbhbyEy@company.com,ORFL851120V92,20-11-1985,6696386498,"Mazatlán, Sin.",250000,130,YES
100799,49866,NO,Owner Occupier,10,24,1,2493,0,9340,VLADIMIR ALPIREZ ALAMAN,EAvOXHgjhY@company.com,ALAV940805PN5,5/8/1994,3224493552,"Puerto Vallarta, Jal.",2095000,101,NO
101684,45712,YES,Owner Occupier,14,15,2,2216,0,8910,MA ROSALIA DENIS BERSOZA,kvDiKxWXNF@gmail.com,DEBM7311183A3,18-11-1973,2447943068,"Atlixco, Pue.",215000,100,NO
100630,53180,YES,Owner Occupier,9,31,2,11860,0,16335,Wolfgang Amadeus Mozart,DuisMwpp3o@gmail.com,AMMW561026SNA,27-10-1989,6184384388,"Durango, Dgo.",335000,100,YES
100768,52772,YES,Owner Occupier,23,9,2,1348,1,8340,MIGUEL ANDRES ISUNZA VIVIAN,NukWJxxkxI@gmt.com.mx,ISVM770427295,27-04-1977,4429629853,"Querétaro, Qro.",285000,100,NO
100363,44193,YES,Public Housing,18,3,1,260,0,6605,DIANA GABRIELA CAMBRANIS ZAFIRO,IMWNOSMVey@live.com,CAZD650331MT8,31-03-1965,4615181286,"Celaya, Gto.",284500,120,NO
101676,44597,YES,Owner Occupier,10,12,2,468,0,8630,ALMA ILIANA DAMAZO BACAB,fVgoOvxmCp@gmt.com.mx,DABA940308EB11,8/3/1994,6251212395,"Ciudad Cuauhtémoc, Chih.",135000,100,NO
100407,43989,YES,Owner Occupier,8,10,1,30,1,5805,SANDRA IBETH MOZON ROSSELL,OFxaNqXwKl@live.com,MORS980130FB2,30-01-1998,8317739861,"Ciudad Mante, Tamps.",410000,101,NO
100531,45159,NO,Owner Occupier,6,12,1,2310,0,12065,ANTONIO RAMON LOBATOS TOVALIN,TOXulGVzlI@company.com,LOTA970430PP11,30-04-1997,9226829120,"Chinameca, Ver.",190000,100,NO
100361,44613,NO,Public Housing,17,11,2,2134,0,4215,ERNESTO GUADALUPE GARCEZ CANDANEDO,dkMRAQAQGr@hotmail.com,GACE5503104P9,10/3/1955,7225522987,"Toluca, Méx.",500000,130,YES
100746,45194,NO,Owner Occupier,15,10,2,1678,1,12915,MARIA AMADA SALANUEVA ANICA,LUVxzqIRNi@gmail.com,SAAM710304R66,4/3/1971,2465345128,"Tlaxcala, Tlax.",273000,120,NO
101592,55390,NO,Living with parents/guardian,23,3,1,812,0,7180,TOMAS ALBERTO GUIJOSA PINO,NkmAuMkSKW@gmt.com.mx,GUPT6011059C5,5/11/1960,3334829231,"Guadalajara, Jal.",231000,130,NO
101414,58026,YES,Living with parents/guardian,17,13,1,6156,0,15905,Wolfgang Amadeus Mozart,DuisMwpp3o@gmail.com,AMMW561026SNA,14-06-1954,9718306681,"Ixtepec, Oax.",153000,100,YES
100360,44052,YES,Owner Occupier,13,5,2,375,0,9305,JUAN MAURICIO MANSUR FÉLIX,dOkFRLWqpy@gmt.com.mx,MAFJ9608047P7,4/8/1996,3415566274,"Ciudad Guzmán, Jal.",235000,100,YES
100727,51939,NO,Public Housing,5,2,1,382,0,11090,MARIA PLACIDA BAZUA HUIPE,OcfmbdOkJs@live.com,BAHM750903RR11,3/9/1975,6142317807,"Chihuahua, Chih.",105000,101,YES
100329,44781,YES,Owner Occupier,15,4,1,331,0,10165,ALMA INES CANTERO AZNAR,EibdladIHP@gmt.com.mx,CAAA710724FV3,24-07-1971,9839726982,"Chetumal, Q.Roo",150000,100,NO
100344,49745,NO,Private Renting,24,6,1,518,1,5915,ANTHONY DE COSS CASAUX,EHHOfBbswe@hotmail.com,DECA8606017M9,1/6/1986,6693911536,"Mazatlán, Sin.",170000,120,NO
100728,57623,YES,Owner Occupier,1,10,1,4133,1,10995,MONICA ARACELI VARGUEZ CALLEJAS,YAULLRWmxN@live.com,VACM6604089T11,8/4/1966,4648496540,"Salamanca, Gto.",105000,101,NO
100303,43795,YES,Public Housing,17,5,2,1171,0,11285,LIBIER BLANCO SEGOBIA,hySwQWgIiB@company.com,BLSL980730NN2,30-07-1998,9838056041,"Chetumal, Q.Roo",153000,100,YES
100645,43648,NO,Owner Occupier,14,12,1,2496,1,6095,MARIA DE JESUS BAJONERO TEXCO,YPDgfqAWlm@gmail.com,BATM8101291W9,29-01-1981,6221984532,"Guaymas, Son.",219000,100,NO
101320,44483,NO,Owner Occupier,16,15,2,116,0,7535,MARIA JOSEF MACEDONIO MESTA,GplUjkxbRf@gmail.com,MAMM570325J63,25-03-1957,6683034987,"Los Mochis, Sin.",245000,130,YES
100495,47734,YES,Sheltered,23,6,2,2631,1,14355,MIRIAM SANTA MARIA CASILDO,CFMAhzHEsr@live.com,SACM950806HA9,6/8/1995,8342067681,"Ciudad Victoria, Tamps.",150000,100,NO
100781,44294,YES,Owner Occupier,9,20,2,3195,1,10825,MARTIN EUSEBIO ESPIRIDION ZACATULA,KZNzFUQzWj@gmail.com,ESZM9608315911,31-08-1996,7224456031,"Toluca, Méx.",211000,130,YES
100417,44159,YES,Public Housing,6,4,1,1110,0,7735,EDNA ELIZABETH AMAYO COBARRUBIAS,wmlklVRZmL@live.com,AMCE5906121Y8,12/6/1959,6445612446,"Ciudad Obregón, Son.",210000,100,YES
101716,45217,NO,Owner Occupier,17,8,2,445,1,11455,CONSTANTINO GALVAN CUESY,yqIvzqBGxs@live.com,GACC921211S43,11/12/1992,6677302584,"Culiacán, Sin.",315000,120,NO
100693,48414,NO,Public Housing,9,0,2,232,0,9240,OSCAR FERNANDO LOCENA MOYADO,PbfmPaGSBN@gmt.com.mx,LOMO7907089G9,8/7/1979,9382035987,"Ciudad del Carmen, Camp.",250000,110,YES
101737,44306,YES,Owner Occupier,15,19,2,7995,1,13220,DIANA LUCIA PEQUEÑO AGAMA,IhhGajSzhM@gmail.com,PEAD681008AM2,8/10/1968,4923266750,"Zacatecas, Zac.",275000,130,YES
100409,43957,NO,Public Housing,18,13,2,286,1,7810,CRUZ ALEJANDRO COLLANTES OCADIZ,STvdfAgsKx@gmail.com,COOC7005094Y5,9/5/1970,3928163097,"Ocotlán, Jal.",350000,110,NO
100419,51219,YES,Private Renting,14,15,2,1292,1,7005,MARIA PILAR BALIÑO VIZAR,QQBhRUJFRb@company.com,BAVM0106125Q7,12/6/2001,7837216233,"Tuxpan, Ver.",165000,111,YES
100585,44010,YES,Private Renting,4,7,2,542,1,10180,ELIBERTO BORRALLAS CANTUA,GDVcNUsaAj@hotmail.com,BOCE750225TC5,25-02-1975,3112411990,"Tepic, Nay.",235000,100,NO
100706,46965,NO,Public Housing,21,0,1,83,1,4070,PEDRO MANUEL ELIZARRARAS BRAMASCO,xZXOgXuyYC@gmt.com.mx,ELBP840414FYA,14-04-1984,4491047892,"Aguascalientes, Ags.",498500,100,YES
100378,49075,NO,Owner Occupier,7,16,2,133,0,4900,CLAUDIA BERENICE REFUGIO PLATEROS,YTMZdhjoUt@live.com,REPC561013DT1,13-10-1956,8788058568,"Jiménez, Coah.",149900,101,YES
100388,48511,NO,Owner Occupier,21,25,1,793,0,9550,HEBER MAYORQUIN ZEPETA,lKwNWXNuhY@gmail.com,MAZH651211J55,11/12/1965,3125481105,"Colima, Col.",260000,120,NO
100720,44682,YES,Private Renting,12,9,1,1192,1,7320,EDGAR SANTIAGO CAMARENA ZENON,uBrEzsKwmt@gmail.com,CAZE7206097D2,9/6/1972,4433579470,"Morelia, Mich.",475000,110,YES
100342,43202,YES,Owner Occupier,17,7,1,1412,1,8925,VICTOR DE JESUS ESCARZAGA IBARES,MxUVsAWrdt@company.com,ESIV820203RI7,3/2/1982,4154646949,"San Miguel de Allende, Gto.",650000,101,NO
100739,43185,NO,Living with parents/guardian,0,8,1,20,0,9420,DAVID ROGELIO POMARES GUADALAJARA,FhCRiJQTOf@gmail.com,POGD9101211D7,21-01-1991,7354715971,"Cuautla, Mor.",305000,130,NO
100295,52725,YES,Private Renting,26,9,2,12,0,4415,ANDRES FERNANDO JARQUIN MANZANILLA,jdKbZfYwaU@gmail.com,JAMA771113QA9,13-11-1977,4444328549,"San Luis Potosí, S.L.P.",98000,100,NO
101580,44477,NO,Private Renting,19,15,1,351,0,8290,Wolfgang Amadeus Mozart,DuisMwpp3o@gmail.com,AMMW561026SNA,13-12-1959,4428593053,"Querétaro, Qro.",220000,130,NO
101325,52540,YES,Sheltered,0,15,2,397,0,8250,CESAR FERNANDO BAHENA TIZAPAN,tfWitnhezF@hotmail.com,BATC8811199Q6,19-11-1988,6128563104,"La Paz, B.C.S.",215000,120,YES
100310,43972,YES,Private Renting,0,13,1,340,1,7410,LUIS JESUS VQUEZ VILCHIS,fNUgYzkpew@company.com,VQVL850113J61,13-01-1985,6243867829,"San Jose del Cabo, B.C.S.",525000,100,YES
100570,55565,NO,Owner Occupier,23,0,2,2219,0,11885,JULIETA ELIZABETH QUIBRERA CANDANOSA,MbIucryYys@gmail.com,QUCJ650729MH4,29-07-1965,4439763472,"Morelia, Mich.",440000,110,YES
100682,44270,YES,Owner Occupier,3,22,2,962,1,7845,ALBA LILIA MAJATA TALIN,ZpoiniZnkK@gmail.com,MATA681225688,25-12-1968,8784803694,"Jiménez, Coah.",200000,111,NO
100586,44378,YES,Private Renting,9,18,2,306,0,7445,Wolfgang Amadeus Mozart,DuisMwpp3o@gmail.com,AMMW561026SNA,16-12-1975,6644763168,"Tijuana, B.C.",582000,120,YES
100399,44617,NO,Owner Occupier,4,10,2,154,1,925,CLAUDIA ANGELINA ZAVALA CEJA,GEGYnlvaXV@live.com,ZACC8902056L2,5/2/1989,5575690310,"Ciudad de México, D.F.",275000,100,YES
100523,44936,YES,Owner Occupier,1,22,1,4502,0,11015,RUBIELA NICASIO ANDREA,kDRAoquEZg@hotmail.com,NIAR670302AC5,2/3/1967,6244752390,"San Jose del Cabo, B.C.S.",360000,110,NO
100769,58529,YES,Sheltered,0,9,1,1108,0,11775,CARLOS OSWALDO OLGA CAMBRON,aNKrVSliRb@gmt.com.mx,OLCC9001311VA,31-01-1990,8668101987,"Monclova, Coah.",275000,100,NO
100367,43645,YES,Owner Occupier,5,13,2,502,0,4600,REINA MARGARITA ARRIERO QUINTO,HttsSkabqU@company.com,ARQR0202237411,23-02-2002,6628979964,"Hermosillo, Son.",875000,100,NO
100614,43622,YES,Owner Occupier,8,18,1,3828,1,5625,YADIRA CONCEPCION CERRATO TRONCOSO,lxRphBAwgR@gmail.com,CETY801215AR4,15-12-1980,4777451917,"León, Gto.",180000,100,YES
100503,44095,YES,Private Renting,13,4,1,368,0,8730,ELIZABETH GUADALUPE FIMBRES CAÑAMAR,qwiCaRPyLF@hotmail.com,FICE5912068L4,6/12/1959,9214435472,"Coatzacoalcos, Ver.",285000,100,NO
100664,50631,YES,Private Renting,26,21,2,2132,0,3110,NEYVI ROSADO CHAPELA,XeDMsVlYzj@company.com,ROCN9604037E3,3/4/1996,4439314734,"Morelia, Mich.",299500,100,NO
100666,59179,YES,Living with parents/guardian,29,5,1,5780,1,11885,TERESA DEL JESUS ELVIA MOYAO,WIcFOaZhrC@hotmail.com,ELMT5902041W9,4/2/1959,8449660716,"Saltillo, Coah.",220000,111,NO
101793,50552,YES,Owner Occupier,5,23,1,466,0,6880,ERIC RENE PARADA COCTECON,OwKapWTCqL@company.com,PACE970321JCA,21-03-1997,8348900944,"Ciudad Victoria, Tamps.",380000,110,YES
100707,46119,YES,Private Renting,1,6,1,104,0,11470,Wolfgang Amadeus Mozart,DuisMwpp3o@gmail.com,AMMW561026SNA,1/8/1999,7822849243,"Poza Rica,Ver.",145000,100,YES
101551,43707,YES,Owner Occupier,8,9,1,1131,0,9365,CLAUDIA CARMEN Y PECH CATACHE,StbVPePCpi@gmail.com,Y CC640127BE11,27-01-1964,6185068904,"Durango, Dgo.",125000,100,NO
101537,45081,NO,Owner Occupier,14,15,2,713,1,8430,CARLOS MISAEL ZANATTA DANIEL,PUYZZsYQDY@company.com,ZADC660514SR8,14-05-1966,6186857300,"Durango, Dgo.",140000,110,NO
100757,54451,YES,Private Renting,14,30,1,3312,1,9440,MARIA ESPERANZA ALMEJO VENAVIDES,fstWGVefQW@gmail.com,ALVM871129SY11,29-11-1987,7755792258,"Singuilucan, Hgo.",150000,100,NO
100526,52545,YES,Owner Occupier,25,14,1,1125,0,8060,ESTUARDO MONJARAZ BORJA,dumBTJPorh@live.com,MOBE791227NU7,27-12-1979,6447781329,"Ciudad Obregón, Son.",147000,100,YES
100396,44442,YES,Private Renting,12,16,1,578,0,7600,MOISES ANTONIO TABARDILLO HORCASITAS,ZHVtDlazXc@gmt.com.mx,TAHM800416V65,16-04-1980,3516100503,"Zamora, Mich.",300000,100,YES
100365,45115,YES,Private Renting,11,13,2,5189,1,16935,MARIA EUNICE MARIAUD OLIVOS,HITSozNaPm@company.com,MAOM920807DS6,7/8/1992,3147092552,"Manzanillo, Col.",164000,101,NO
100379,56087,YES,Private Renting,14,16,2,1386,1,9100,SHIRLEY DE ELIGIO CHIMALPOPOCA,XHckhcEMIx@hotmail.com,DECS9601015D7,1/1/1996,6675586363,"Culiacán, Sin.",273500,120,NO
100507,43633,YES,Public Housing,14,16,1,6100,0,7330,AURORA CAROLINA MATURANO FERREIRO,hxBpEAXNME@company.com,MAFA841105DM11,5/11/1984,4528856353,"Uruapan, Mich.",650000,110,NO
101664,50631,YES,Private Renting,26,21,2,2132,0,3110,Wolfgang Amadeus Mozart,DuisMwpp3o@gmail.com,AMMW561026SNA,20-05-1979,6679580775,"Culiacán, Sin.",299500,100,NO
100628,50199,YES,Private Renting,5,12,1,1230,0,10070,DELIA ESTHER MARTINON ARQUIETA,gIQSMDexQe@live.com,MAAD640705D97,5/7/1964,2449596482,"Atlixco, Pue.",199000,100,NO
100715,44150,YES,Owner Occupier,9,4,2,1038,1,9010,Wolfgang Amadeus Mozart,DuisMwpp3o@gmail.com,AMMW561026SNA,29-09-1957,4739502320,"Guanajuato, Gto.",280000,110,YES
100487,49409,YES,Owner Occupier,11,12,2,107,1,9745,BRENDA ARACELI GAZCA GAVIÑO,eCyLfpejpA@gmt.com.mx,GAGB720410P46,10/4/1972,4158597414,"San Miguel de Allende, Gto.",190000,130,NO
100354,57718,YES,Owner Occupier,25,16,2,1555,1,6285,GRISELDA PATRICIA JARILLO ROSETTE,ZcDmQNzNRP@gmt.com.mx,JARG540818L911,18-08-1954,8342225005,"Ciudad Victoria, Tamps.",155000,130,YES
